mse,mean_diff,std_diff,corr,cand_score,label
3200.9277,1.5371094,44.003128,0.8025100827217102,0.8025100827217102,1
3946.5713,2.6748047,50.558544,0.7393969297409058,0.7393968105316162,0
3939.378,2.305664,50.447487,0.7391945719718933,0.7391945719718933,0
3990.7402,1.9121094,51.282986,0.7384136319160461,0.738413393497467,0
3968.2021,2.3232422,50.851944,0.7382038235664368,0.7382036447525024,0
4025.6074,2.2558594,51.82337,0.7382002472877502,0.7382000684738159,0
3988.162,2.9042969,51.093307,0.7376744151115417,0.7376742362976074,0
3969.0752,2.3935547,50.805305,0.7375840544700623,0.7375838160514832,0
3988.7598,2.515625,51.125053,0.7375139594078064,0.7375137805938721,0
3946.5566,2.2832031,50.367218,0.7369634509086609,0.7369634509086609,0
4035.544,3.8232422,51.695946,0.7366215586662292,0.7366212010383606,0
3952.748,2.0839844,50.448795,0.7365157008171082,0.7365157008171082,0
3994.0068,1.9111328,51.167686,0.7364745736122131,0.7364743947982788,0
4005.9268,3.0146484,51.248795,0.7361451387405396,0.7361450791358948,0
3992.1367,2.1347656,50.94519,0.7345197796821594,0.7345197200775146,0
3977.0986,2.8017578,50.607075,0.7343000769615173,0.7342997193336487,0
3996.8574,2.1582031,50.88629,0.7329908013343811,0.7329906225204468,0
3998.2295,2.1904297,50.898506,0.732890248298645,0.7328903079032898,0
3956.2139,1.5595703,50.198364,0.7328503131866455,0.7328504920005798,0
3990.6836,1.9160156,50.71526,0.7321123480796814,0.7321121692657471,0
3995.5684,3.2773438,50.66694,0.7320037484169006,0.7320036888122559,0
4007.0576,2.4111328,50.949753,0.7319641709327698,0.731964111328125,0
4006.8623,2.7333984,50.882294,0.7315783500671387,0.7315781712532043,0
4006.96,2.0458984,50.918587,0.7313307523727417,0.7313305735588074,0
4042.08,2.4199219,51.473488,0.7310824990272522,0.7310824990272522,0
4008.8164,2.1953125,50.896454,0.7308560609817505,0.7308558821678162,0
4017.7676,3.3535156,50.927406,0.7307131290435791,0.7307130098342896,0
4017.004,2.5019531,50.976265,0.730442225933075,0.730442225933075,0
3998.0645,1.8789062,50.690754,0.7304245233535767,0.7304245233535767,0
4018.8232,2.6904297,50.97278,0.7302435040473938,0.7302437424659729,0
4025.8945,2.2714844,51.1129,0.7300335764884949,0.7300336956977844,0
4068.5947,3.4013672,51.69601,0.7295712232589722,0.7295713424682617,0
4011.4033,1.8173828,50.84522,0.7295184135437012,0.7295184135437012,0
4026.5098,2.1601562,51.080406,0.7294631600379944,0.7294632196426392,0
4013.1064,2.2373047,50.83372,0.7293938398361206,0.7293941378593445,0
3998.1562,1.2597656,50.571934,0.7287715673446655,0.7287713885307312,0
4061.0156,2.265625,51.602943,0.7287319898605347,0.7287319898605347,0
4025.1357,1.5322266,51.027523,0.7287024855613708,0.7287024855613708,0
4012.3936,2.1259766,50.73519,0.7283762693405151,0.7283760905265808,0
4045.2334,2.2763672,51.288345,0.7282636165618896,0.7282636165618896,0
4002.5625,2.1542969,50.541214,0.7281912565231323,0.7281911969184875,0
4061.5166,2.3095703,51.544678,0.7280134558677673,0.7280134558677673,0
4002.954,1.8603516,50.53393,0.7278182506561279,0.7278184294700623,0
4025.5928,2.3759766,50.89093,0.7277593612670898,0.7277592420578003,0
4014.2373,2.1357422,50.70714,0.7277349233627319,0.7277350425720215,0
4028.295,2.2695312,50.914856,0.7274091243743896,0.7274091243743896,0
4022.1416,2.2080078,50.80295,0.727321445941925,0.727321445941925,0
4038.838,2.90625,51.028564,0.727260172367096,0.7272599339485168,0
3998.746,1.609375,50.420303,0.7272518873214722,0.7272517085075378,0
4060.0166,3.8720703,51.258766,0.7269778251647949,0.7269777059555054,0
1204.1172,7.654297,25.717773,0.9343788623809814,0.9343788623809814,1
3231.4307,2.959961,37.172134,0.6747970581054688,0.6747971177101135,0
3287.1191,2.8964844,37.87783,0.6680473685264587,0.6680474281311035,0
3338.3809,2.9902344,37.19767,0.6560385227203369,0.6560385227203369,0
3677.7246,0.9238281,33.3827,0.588606059551239,0.5886062383651733,0
4170.7246,12.0625,23.813023,0.548723042011261,0.5487231612205505,0
4216.5195,3.5800781,28.59763,0.5125381946563721,0.5125381946563721,0
4236.4688,3.6835938,28.007072,0.5111907720565796,0.5111907720565796,0
4664.789,14.175781,23.375542,0.49312853813171387,0.4931286573410034,0
4421.299,5.5371094,29.384426,0.48342272639274597,0.48342272639274597,0
5155.1416,18.573242,18.80785,0.4703061580657959,0.47030603885650635,0
4812.6396,12.696289,23.844322,0.4668717086315155,0.4668717682361603,0
6089.2627,26.543945,15.791428,0.4207429885864258,0.4207429885864258,0
4812.7207,3.3027344,31.060158,0.41657784581184387,0.41657793521881104,0
4726.1387,5.3789062,41.09466,0.4069555699825287,0.40695562958717346,0
4839.9443,7.3095703,40.583202,0.3903285264968872,0.3903285264968872,0
5542.297,12.808594,21.81763,0.3843069076538086,0.38430696725845337,0
4876.75,9.357422,46.25686,0.38371729850769043,0.3837173581123352,0
4957.665,1.2998047,33.83131,0.381414532661438,0.381414532661438,0
4923.175,9.541992,47.22319,0.3736402988433838,0.3736402988433838,0
6116.1797,19.476562,18.858273,0.3598129451274872,0.3598129451274872,0
5800.7188,15.966797,22.537266,0.3585842549800873,0.35858431458473206,0
3208.8467,2.1513672,43.598698,0.7995550632476807,0.7995553612709045,1
3991.5527,2.6347656,50.834213,0.7359336018562317,0.7359336018562317,0
4006.1494,2.7158203,50.96717,0.734713077545166,0.7347132563591003,0
4024.9238,2.6484375,51.280193,0.7345432639122009,0.7345433235168457,0
4003.2373,2.1552734,50.946213,0.7345178127288818,0.7345178127288818,0
4032.3496,3.0996094,51.336853,0.7342541217803955,0.7342539429664612,0
3958.6836,2.1816406,50.060513,0.7334437370300293,0.7334437370300293,0
4019.42,2.6757812,50.97792,0.7322769165039062,0.7322770953178406,0
4034.206,2.743164,51.19969,0.7319721579551697,0.7319721579551697,0
4014.0352,2.5957031,50.809128,0.7313857078552246,0.7313857078552246,0
4018.5342,2.647461,50.88224,0.7313768863677979,0.7313770651817322,0
4035.708,2.163086,51.21522,0.7313142418861389,0.7313142418861389,0
4031.3281,2.6660156,51.087807,0.7312089800834656,0.7312092781066895,0
4036.579,2.0732422,51.18403,0.7307316064834595,0.7307316064834595,0
4042.2031,2.6875,51.225372,0.730672299861908,0.7306723594665527,0
4067.7764,2.459961,51.652653,0.7303135395050049,0.7303136587142944,0
4017.7227,2.2324219,50.78599,0.7301125526428223,0.7301127314567566,0
4035.084,2.5117188,51.048767,0.729917585849762,0.729917585849762,0
4047.0303,2.459961,51.202763,0.7292786240577698,0.7292787432670593,0
4037.9258,2.5390625,51.029163,0.7291916608810425,0.7291913628578186,0
4030.4746,2.0292969,50.910698,0.7288815975189209,0.7288817763328552,0
4014.7295,2.413086,50.558754,0.7284234762191772,0.7284234762191772,0
4047.5762,1.9082031,51.15908,0.7282372713088989,0.7282374501228333,0
4035.792,2.7314453,50.88002,0.7281795740127563,0.7281792759895325,0
4013.1123,2.3583984,50.494778,0.7280071377754211,0.7280073761940002,0
4029.7266,2.5703125,50.76381,0.7279221415519714,0.7279223203659058,0
4075.1553,2.8251953,51.532436,0.7279078364372253,0.7279077768325806,0
4057.1914,2.4980469,51.216774,0.7275296449661255,0.7275297045707703,0
4061.1406,2.71875,51.25195,0.7273805141448975,0.7273804545402527,0
4079.6855,3.2558594,51.513092,0.7273236513137817,0.7273233532905579,0
4051.2803,2.1298828,51.114887,0.7272214889526367,0.7272217273712158,0
4061.9219,2.5351562,51.239822,0.7269142866134644,0.7269141674041748,0
4058.0215,2.6152344,51.142525,0.7266770005226135,0.726676881313324,0
4076.6396,2.7158203,51.41325,0.7261819839477539,0.7261818647384644,0
4092.4414,2.7070312,51.68319,0.7261304259300232,0.7261303663253784,0
4071.3086,2.359375,51.340637,0.7260584831237793,0.7260585427284241,0
4043.0654,2.6201172,50.816322,0.7260162830352783,0.7260164022445679,0
4079.4922,2.703125,51.43924,0.7259075045585632,0.7259076833724976,0
4072.8691,2.7050781,51.315895,0.7258236408233643,0.7258236408233643,0
4073.8662,2.944336,51.29171,0.7256268858909607,0.7256268858909607,0
4067.3096,2.0439453,51.249153,0.7255573272705078,0.7255574464797974,0
4093.5742,3.0332031,51.592728,0.7252617478370667,0.725261926651001,0
4084.5693,2.5615234,51.474052,0.7251725196838379,0.7251725196838379,0
4079.371,2.6308594,51.343727,0.7248072028160095,0.7248072028160095,0
4014.455,2.0195312,50.22059,0.7246617674827576,0.7246615886688232,0
4082.4756,2.4248047,51.376408,0.7243698239326477,0.724370002746582,0
4070.8477,3.0957031,51.101486,0.7243154048919678,0.7243155241012573,0
4083.004,2.5761719,51.359467,0.72422856092453,0.7242285013198853,0
4056.2715,2.4238281,50.870483,0.7239121794700623,0.7239123582839966,0
4063.4072,2.4951172,50.98829,0.7238792181015015,0.7238790392875671,0
1350.7197,6.133789,28.072357,0.9340879917144775,0.9340879917144775,1
3977.0977,6.7617188,40.174557,0.6176669001579285,0.6176667809486389,0
3966.249,6.4541016,39.773243,0.6174785494804382,0.6174785494804382,0
3975.414,6.546875,40.0374,0.6170217394828796,0.6170217394828796,0
3987.7725,6.291992,39.64578,0.6132405400276184,0.6132405400276184,0
3984.5713,5.9853516,39.50817,0.6127410531044006,0.6127411127090454,0
4018.0205,6.7001953,40.259663,0.6110485792160034,0.6110485792160034,0
3987.204,1.4638672,34.816166,0.5983898639678955,0.5983896255493164,0
4152.491,7.0009766,41.032333,0.5916710495948792,0.5916709303855896,0
4812.16,8.294922,43.218403,0.4848696291446686,0.4848696291446686,0
5016.26,7.2109375,27.98975,0.4760044515132904,0.4760045111179352,0
4999.245,10.825195,46.41131,0.4629442095756531,0.4629441201686859,0
5246.1406,13.595703,50.31414,0.43347302079200745,0.43347296118736267,0
5422.3857,8.704102,26.830742,0.4330788850784302,0.4330790042877197,0
5983.578,18.833984,21.11951,0.42794284224510193,0.42794284224510193,0
5323.616,4.7666016,30.451298,0.42387041449546814,0.4238705039024353,0
6027.8564,16.838867,21.845467,0.41121795773506165,0.4112180173397064,0
5501.964,5.4228516,29.279205,0.4064578115940094,0.4064578711986542,0
5854.366,12.883789,24.642483,0.4026106297969818,0.40261051058769226,0
5408.912,13.964844,51.704693,0.4017500877380371,0.40175002813339233,0
5436.0127,13.729492,50.78217,0.39234408736228943,0.39234408736228943,0
5938.4463,13.243164,25.315483,0.3901884853839874,0.3901884853839874,0
5359.241,3.975586,38.52174,0.38944095373153687,0.38944095373153687,0
6314.6475,16.31543,23.012657,0.370138555765152,0.370138555765152,0
5895.584,7.0117188,28.512024,0.3625733554363251,0.3625732958316803,0
5556.8955,4.3408203,38.30629,0.35947054624557495,0.3594704568386078,0
5528.09,6.609375,41.229435,0.358024537563324,0.358024537563324,0
5991.4883,7.7753906,28.112144,0.35413798689842224,0.35413798689842224,0
5597.2695,6.107422,39.024017,0.3532605767250061,0.35326048731803894,0
6034.7773,5.9277344,27.284615,0.3503879904747009,0.3503879904747009,0
5637.212,14.258789,52.238457,0.3501531481742859,0.3501531481742859,0
2193.7217,8.25293,33.68554,0.8064204454421997,0.8064204454421997,1
3407.4805,2.1660156,43.3746,0.595274031162262,0.5952740907669067,0
3396.961,2.3808594,42.92238,0.5947912335395813,0.5947911143302917,0
3417.6328,2.6074219,43.4742,0.5939250588417053,0.5939249992370605,0
3427.9707,1.9765625,43.657433,0.5918534398078918,0.5918533205986023,0
3431.3477,2.1484375,43.732376,0.5917426347732544,0.5917426347732544,0
3441.6875,1.9101562,44.094555,0.5916751623153687,0.5916752219200134,0
3415.7002,2.7490234,43.01242,0.5910555720329285,0.5910554528236389,0
3420.4219,2.2285156,43.239037,0.590851366519928,0.590851366519928,0
3430.1309,2.2226562,43.557617,0.5907511115074158,0.5907511711120605,0
3431.5781,2.2949219,43.4784,0.589825451374054,0.5898255705833435,0
3420.2725,2.6396484,42.985535,0.5895004272460938,0.5895003080368042,0
3440.3975,2.4990234,43.67437,0.5892763137817383,0.5892762541770935,0
3443.6768,2.180664,43.791615,0.5889327526092529,0.5889328122138977,0
3433.2031,2.2539062,43.40927,0.5888029336929321,0.5888029336929321,0
3443.3428,2.2822266,43.741707,0.588743269443512,0.5887431502342224,0
3437.6543,2.5546875,43.496628,0.5886816382408142,0.5886817574501038,0
3446.959,1.7636719,43.83596,0.5879584550857544,0.587958574295044,0
3441.25,2.5839844,43.496323,0.5877586603164673,0.5877586007118225,0
3439.1074,2.109375,43.44249,0.5873183608055115,0.5873183608055115,0
3447.7402,2.2851562,43.652138,0.586850106716156,0.5868500471115112,0
3444.6592,2.524414,43.48876,0.5867077708244324,0.5867077112197876,0
3440.6104,2.2080078,43.38643,0.5866002440452576,0.5866001844406128,0
3451.4043,1.7910156,43.810238,0.5865753293037415,0.5865752696990967,0
3451.3604,2.4541016,43.684444,0.5863466262817383,0.5863466262817383,0
3448.169,2.9638672,43.425182,0.5859249830245972,0.5859249234199524,0
3451.1172,2.40625,43.59198,0.5856245756149292,0.5856246948242188,0
3448.419,2.321289,43.479256,0.5853671431541443,0.5853672027587891,0
3464.0498,2.5458984,43.973915,0.5853509902954102,0.5853511095046997,0
3458.998,2.2324219,43.853546,0.5853472948074341,0.5853473544120789,0
3449.2979,2.321289,43.482544,0.5851576924324036,0.5851577520370483,0
3459.2021,2.3916016,43.787647,0.5849665403366089,0.5849665403366089,0
3446.4795,2.461914,43.280575,0.5845546722412109,0.5845546722412109,0
3457.958,1.5517578,43.775814,0.5843144059181213,0.5843144655227661,0
3452.7822,1.7353516,43.568436,0.5842509269714355,0.5842509865760803,0
3440.671,2.897461,42.943092,0.5842190384864807,0.5842189788818359,0
3462.8271,1.8291016,43.827614,0.5836610198020935,0.5836609601974487,0
3460.7139,2.1396484,43.71018,0.5836412310600281,0.5836412310600281,0
3451.372,2.3291016,43.34887,0.5835995078086853,0.5835995078086853,0
3465.7246,2.3125,43.84545,0.5835597515106201,0.5835598111152649,0
3472.3223,2.1289062,44.064697,0.5832999348640442,0.583299994468689,0
3482.7715,2.2832031,44.37481,0.5831685066223145,0.5831685066223145,0
3454.789,2.2382812,43.376358,0.582787036895752,0.5827869176864624,0
3469.2744,2.319336,43.845703,0.5826091170310974,0.5826090574264526,0
3461.7002,2.0263672,43.603973,0.5824266076087952,0.5824267268180847,0
3471.3252,2.4482422,43.859253,0.5823269486427307,0.5823268294334412,0
3472.3525,1.9892578,43.94581,0.582180917263031,0.582180917263031,0
3459.004,2.1933594,43.436226,0.5820613503456116,0.5820612907409668,0
3482.0117,2.3046875,44.208267,0.5820282697677612,0.5820282101631165,0
3465.0225,2.290039,43.609367,0.5818819999694824,0.5818820595741272,0
1874.623,0.9121094,32.51486,0.9270747900009155,0.9270746111869812,1
6091.382,7.9658203,38.396187,0.5493890643119812,0.5493888854980469,0
6297.624,1.6611328,34.26643,0.5290133953094482,0.5290135741233826,0
6797.8916,6.770508,30.051003,0.4981498122215271,0.4981499910354614,0
6864.0664,0.58984375,34.202824,0.47685950994491577,0.47685950994491577,0
7494.2285,27.615234,54.325066,0.4711405038833618,0.4711405634880066,0
7379.044,25.186523,51.144188,0.4664596915245056,0.4664597511291504,0
7188.2725,9.989258,38.66626,0.44373998045921326,0.4437400698661804,0
7923.123,29.875,56.862476,0.4313049018383026,0.4313049018383026,0
7631.8975,5.645508,31.224213,0.42073532938957214,0.42073532938957214,0
7599.671,17.84082,42.125885,0.4149860441684723,0.4149860441684723,0
7863.049,6.064453,31.922935,0.39798295497894287,0.39798304438591003,0
8023.4893,9.831055,30.550602,0.39513587951660156,0.3951357901096344,0
7729.337,12.415039,39.17007,0.3935956060886383,0.3935956060886383,0
7984.242,20.853516,46.236343,0.3743813633918762,0.374381422996521,0
8498.19,32.67871,58.48595,0.3711034655570984,0.3711036741733551,0
8131.8525,4.245117,33.619812,0.3646872043609619,0.36468711495399475,0
8117.051,23.396484,49.53315,0.3634989857673645,0.3634990453720093,0
8080.131,5.263672,36.4554,0.3575836718082428,0.3575836718082428,0
8269.115,26.09961,51.376534,0.3569904863834381,0.35699036717414856,0
8152.3066,20.445312,45.857525,0.35422033071517944,0.3542203903198242,0
8430.628,28.663086,52.711376,0.3514130115509033,0.3514130115509033,0
8166.34,20.796875,46.823807,0.35119637846946716,0.35119637846946716,0
2173.875,6.6308594,34.478443,0.8120545148849487,0.8120545148849487,1
3344.7266,1.3671875,43.712578,0.6141788363456726,0.6141787767410278,0
3358.3057,0.9326172,43.479073,0.6082245111465454,0.608224630355835,0
3363.4082,2.2167969,43.269012,0.6061757802963257,0.6061757802963257,0
3385.0078,1.5957031,43.947247,0.6055514216423035,0.6055516600608826,0
3372.708,1.0732422,43.559124,0.6051297783851624,0.6051298379898071,0
3384.796,1.1513672,43.92565,0.6050867438316345,0.6050869226455688,0
3383.9102,1.3105469,43.8498,0.6047680974006653,0.6047680377960205,0
3384.7705,1.3701172,43.85208,0.6045982837677002,0.6045982837677002,0
3403.1943,1.3720703,44.178795,0.6024630665779114,0.6024630665779114,0
3401.4746,1.4785156,44.03259,0.6017218828201294,0.6017219424247742,0
3384.8848,1.015625,43.507484,0.6014050245285034,0.6014052629470825,0
3390.0938,1.421875,43.57449,0.6008339524269104,0.6008338332176208,0
3420.5117,0.84375,44.5166,0.6004151105880737,0.6004151105880737,0
3399.5527,1.5351562,43.80966,0.6003615260124207,0.6003615856170654,0
3406.2412,1.4970703,43.983273,0.6000083088874817,0.6000081300735474,0
3401.497,1.0693359,43.81546,0.5995569825172424,0.5995570421218872,0
3399.8809,1.1328125,43.72371,0.5992552042007446,0.5992551445960999,0
3388.3906,1.6777344,43.286842,0.5991430282592773,0.5991429090499878,0
3416.6182,0.8857422,44.246475,0.5990775227546692,0.5990775227546692,0
3409.0986,0.82714844,43.936424,0.5984041094779968,0.5984041094779968,0
3420.1162,1.3349609,44.18187,0.5978216528892517,0.5978217720985413,0
3412.0312,0.8222656,43.922997,0.5974904894828796,0.5974904894828796,0
3413.2764,1.4951172,43.90271,0.5974032878875732,0.5974034070968628,0
3420.121,1.2460938,44.063713,0.596731424331665,0.5967316031455994,0
3423.7842,0.6748047,44.208237,0.5966816544532776,0.5966817736625671,0
3415.624,1.4658203,43.880333,0.5965533256530762,0.596553385257721,0
3411.6123,1.5751953,43.726936,0.5964429378509521,0.5964429378509521,0
3422.5225,1.2138672,44.088135,0.5962641835212708,0.5962643027305603,0
3404.8633,2.0,43.43035,0.5962333083152771,0.5962331891059875,0
3403.415,1.7177734,43.39833,0.5960822701454163,0.596082329750061,0
3412.5225,1.3212891,43.73294,0.5960490107536316,0.5960491299629211,0
3409.6748,1.1630859,43.649044,0.5960166454315186,0.5960167050361633,0
3422.8633,1.1503906,44.07437,0.5960115790367126,0.5960116982460022,0
3396.9434,1.1835938,43.221474,0.595983624458313,0.5959836840629578,0
3398.6846,1.3759766,43.259277,0.5959511399269104,0.5959511995315552,0
3408.371,1.5058594,43.55736,0.5958614945411682,0.5958614349365234,0
3419.995,1.1025391,43.95417,0.5957379341125488,0.5957379937171936,0
3427.665,1.0224609,44.190964,0.5956279635429382,0.5956279635429382,0
3412.4746,1.4667969,43.612247,0.5951777100563049,0.5951777100563049,0
3423.3809,1.5019531,43.92913,0.5948889255523682,0.5948890447616577,0
3428.8633,0.8222656,44.148643,0.5948323011398315,0.594832181930542,0
3431.3896,1.3232422,44.15872,0.5945213437080383,0.5945214033126831,0
3411.8535,1.7011719,43.47953,0.5944684147834778,0.5944684147834778,0
3425.0488,1.5078125,43.925377,0.5944090485572815,0.5944091081619263,0
3419.8535,1.6289062,43.73246,0.5943132042884827,0.5943131446838379,0
3420.4092,1.3466797,43.77588,0.5942949056625366,0.5942949056625366,0
3410.4287,1.0537109,43.4275,0.5939566493034363,0.593956708908081,0
3412.2178,1.6083984,43.414448,0.5937697291374207,0.5937696695327759,0
3430.9238,1.2949219,44.03916,0.593607485294342,0.593607485294342,0
2124.3857,3.6923828,34.482384,0.929303765296936,0.9293039441108704,1
9164.327,42.25879,52.621716,0.510519802570343,0.5105195641517639,0
8169.377,19.195312,39.6773,0.4811495840549469,0.4811496436595917,0
9782.936,45.210938,55.200356,0.47296953201293945,0.47296953201293945,0
10118.176,43.779297,53.348812,0.4224030375480652,0.42240291833877563,0
8954.559,23.080078,42.97166,0.420333594083786,0.4203334450721741,0
8709.212,4.104492,38.54082,0.410600870847702,0.410600870847702,0
8914.12,7.0185547,36.16898,0.40503764152526855,0.4050377905368805,0
10004.795,39.439453,52.161674,0.39756661653518677,0.39756661653518677,0
10727.903,47.588867,59.98221,0.387847363948822,0.38784724473953247,0
11189.25,51.054688,64.11861,0.37218523025512695,0.37218523025512695,0
10496.282,42.026367,52.276665,0.3677794933319092,0.367779403924942,0
10297.211,37.283203,48.897728,0.3586682975292206,0.35866838693618774,0
11120.247,49.118164,59.179768,0.3579978048801422,0.3579978048801422,0
11358.456,51.23535,64.56616,0.350968599319458,0.35096853971481323,0
1974.292,7.6279297,32.434666,0.830409824848175,0.8304097652435303,1
2901.1436,2.5888672,42.518024,0.7062309980392456,0.7062309980392456,0
2918.413,2.508789,42.589806,0.7023036479949951,0.7023037672042847,0
2961.2148,1.9316406,43.45085,0.7004067301750183,0.7004066109657288,0
2928.749,2.477539,42.64882,0.7001590728759766,0.7001590728759766,0
2924.4697,2.1611328,42.530586,0.699523389339447,0.699523389339447,0
2938.9043,2.4492188,42.806633,0.6992406845092773,0.6992405652999878,0
2952.0898,2.5214844,43.03162,0.6984459161758423,0.6984456777572632,0
2950.956,2.0185547,43.024727,0.698045015335083,0.698045015335083,0
2917.3682,2.6728516,42.142647,0.6976218819618225,0.6976218819618225,0
2957.6104,2.1669922,43.115677,0.6974916458129883,0.6974915266036987,0
2960.4824,2.2089844,43.1743,0.6974681615829468,0.6974679827690125,0
2938.1592,2.1826172,42.596462,0.6966142058372498,0.6966143250465393,0
2946.461,2.2304688,42.760406,0.6963459253311157,0.6963457465171814,0
2929.5088,2.7861328,42.300438,0.6963335871696472,0.6963335871696472,0
2959.2275,2.1064453,43.060425,0.6962987184524536,0.6962987184524536,0
2947.083,3.0478516,42.650192,0.6960505843162537,0.6960504651069641,0
2935.5283,2.7373047,42.378937,0.69554203748703,0.6955422163009644,0
2948.1758,2.1875,42.729412,0.6954599618911743,0.6954599618911743,0
2946.9502,2.1865234,42.637173,0.6947095990180969,0.6947094798088074,0
2975.329,2.7998047,43.170433,0.6941262483596802,0.6941261291503906,0
2990.9219,2.1347656,43.581844,0.6939549446105957,0.6939550638198853,0
2967.0107,2.1552734,43.026108,0.6937947273254395,0.6937947273254395,0
2996.8887,2.2324219,43.668976,0.693494439125061,0.6934943199157715,0
2978.0215,1.6796875,43.263638,0.6931247115135193,0.6931247115135193,0
2967.0312,2.1152344,42.94966,0.6928266882896423,0.6928265690803528,0
2969.4648,2.5488281,42.933327,0.6925193667411804,0.69251948595047,0
2991.9092,1.7255859,43.51583,0.6924051642417908,0.6924051642417908,0
2966.5127,2.1591797,42.890648,0.6923196911811829,0.6923195719718933,0
2965.38,2.209961,42.855743,0.6922782063484192,0.6922782063484192,0
2964.9258,2.1367188,42.847862,0.6922223567962646,0.6922224760055542,0
2984.2695,1.9921875,43.27462,0.6918401718139648,0.6918400526046753,0
2959.0166,2.6982422,42.600475,0.6916875839233398,0.6916877031326294,0
2941.3682,3.178711,42.101864,0.6915611624717712,0.6915611624717712,0
2965.0742,2.328125,42.753372,0.6913071274757385,0.6913072466850281,0
2981.8428,2.2080078,43.140533,0.6911391019821167,0.6911392211914062,0
2957.8008,2.5390625,42.494076,0.6905723214149475,0.690572202205658,0
2973.3027,2.5175781,42.860985,0.6905686855316162,0.6905686855316162,0
2985.0342,1.9111328,43.188065,0.6904893517494202,0.6904892325401306,0
2983.835,2.178711,43.134743,0.690482497215271,0.690482497215271,0
2954.3047,2.9238281,42.33164,0.6902444362640381,0.6902444362640381,0
2974.0654,2.3544922,42.86127,0.6901456117630005,0.69014573097229,0
2987.545,2.3125,43.1686,0.690028727054596,0.6900286078453064,0
2958.0293,2.6210938,42.434563,0.6899498105049133,0.6899498105049133,0
2976.0674,2.3017578,42.888847,0.6898531913757324,0.6898533701896667,0
2982.5713,2.6220703,42.996555,0.6897703409194946,0.6897702217102051,0
2980.0264,2.413086,42.957504,0.689719021320343,0.689719021320343,0
2964.4355,2.5214844,42.56206,0.6895287036895752,0.6895287036895752,0
2978.4102,1.7148438,42.96968,0.6895147562026978,0.6895147562026978,0
2988.3164,2.3886719,43.11543,0.6892768740653992,0.6892767548561096,0
1854.8389,1.3115234,32.529686,0.9361175298690796,0.9361176490783691,1
8378.948,31.120117,50.888798,0.4576861560344696,0.45768624544143677,0
8460.719,30.871094,50.755,0.4468328058719635,0.4468330144882202,0
8941.134,35.682617,55.174747,0.42631712555885315,0.4263172447681427,0
9101.904,37.14453,55.995205,0.4194544553756714,0.41945451498031616,0
8387.547,23.498047,46.23552,0.4180268943309784,0.41802701354026794,0
8576.573,26.44043,48.253838,0.40964460372924805,0.40964430570602417,0
8755.55,29.168945,48.57653,0.40612274408340454,0.40612274408340454,0
8595.423,22.688477,42.523026,0.40313664078712463,0.40313664078712463,0
9407.398,39.45703,58.74203,0.4029083847999573,0.4029085636138916,0
9170.921,25.051758,31.67643,0.4020192623138428,0.4020192623138428,0
9447.992,39.833984,58.900158,0.4014936685562134,0.40149375796318054,0
9458.106,39.563477,58.810112,0.3971764147281647,0.3971763551235199,0
8406.309,2.6074219,36.015865,0.39651116728782654,0.39651116728782654,0
9047.28,32.049805,50.240017,0.3903432786464691,0.3903430700302124,0
8680.775,15.46875,37.476067,0.38734540343284607,0.38734549283981323,0
10037.173,44.926758,66.33904,0.3865986466407776,0.38659873604774475,0
8832.881,27.105469,48.49429,0.38559675216674805,0.3855966627597809,0
10022.928,44.708984,66.25357,0.38550686836242676,0.38550686836242676,0
9267.344,35.257812,53.067738,0.3849364221096039,0.38493654131889343,0
9010.378,29.766602,47.632397,0.38491612672805786,0.38491612672805786,0
8933.447,28.753906,49.35096,0.3827049136161804,0.3827049136161804,0
9499.938,38.504883,56.46292,0.38167086243629456,0.38167086243629456,0
9503.382,38.600586,58.08894,0.38107648491859436,0.38107648491859436,0
10113.314,45.226562,67.480934,0.38097691535949707,0.3809768259525299,0
9245.643,34.01953,53.720303,0.3762919008731842,0.37629202008247375,0
9586.433,39.135742,58.042767,0.3755757510662079,0.3755757510662079,0
8741.149,9.364258,35.905285,0.3753935694694519,0.37539348006248474,0
10122.016,44.91992,66.67886,0.3727771043777466,0.3727770149707794,0
10125.006,44.95117,66.59686,0.37257999181747437,0.3725798428058624,0
9942.41,43.20703,62.597,0.3722706139087677,0.3722706735134125,0
10132.249,44.88379,66.58658,0.3702865540981293,0.3702864646911621,0
8882.197,3.5253906,33.015133,0.370049387216568,0.370049387216568,0
9177.244,30.33789,48.747124,0.36795151233673096,0.3679513931274414,0
10147.087,44.749023,66.06914,0.36482903361320496,0.36482903361320496,0
9783.122,40.37207,60.797882,0.3606499433517456,0.36065006256103516,0
9429.864,34.86621,54.085907,0.3604968786239624,0.3604969382286072,0
9460.755,34.39746,53.91931,0.3531830310821533,0.35318291187286377,0
9231.25,11.986328,32.905396,0.3529401123523712,0.35294002294540405,0
2121.8076,7.2314453,33.99697,0.8199600577354431,0.8199601769447327,1
3391.5645,0.80078125,44.22103,0.6056952476501465,0.6056951284408569,0
3389.0225,0.8251953,43.999218,0.6044113039970398,0.6044113636016846,0
3394.3281,0.8828125,44.049877,0.6034401655197144,0.6034402251243591,0
3392.2393,1.0732422,43.91462,0.6029216647148132,0.6029218435287476,0
3403.1475,1.0751953,44.179184,0.6022801995277405,0.6022801995277405,0
3396.6172,1.0253906,43.89696,0.6015529632568359,0.6015529036521912,0
3397.5488,1.25,43.90622,0.601518988609314,0.601518988609314,0
3408.9805,1.0117188,44.21677,0.6009780168533325,0.6009781956672668,0
3395.1104,1.0146484,43.755913,0.6007455587387085,0.6007455587387085,0
3401.7168,0.8808594,43.95794,0.6006209850311279,0.6006208658218384,0
3383.7979,1.6826172,43.310287,0.6005550622940063,0.6005549430847168,0
3398.292,1.1689453,43.702473,0.5995270609855652,0.5995270013809204,0
3393.5928,1.2353516,43.52558,0.5993583798408508,0.5993584990501404,0
3403.8896,1.3056641,43.747528,0.5984882116317749,0.5984880328178406,0
3413.0088,1.4208984,43.901993,0.5974110960960388,0.5974109768867493,0
3403.5205,1.3935547,43.58875,0.5973311066627502,0.5973311066627502,0
3420.13,1.2197266,43.97141,0.5959216356277466,0.5959216952323914,0
3418.0938,1.0,43.904144,0.5957728624343872,0.5957728624343872,0
3397.9004,1.3925781,43.197403,0.5956839323043823,0.5956838130950928,0
3421.5889,1.0341797,43.999588,0.5956503748893738,0.5956503748893738,0
3425.1143,0.96191406,44.111572,0.5956075191497803,0.5956074595451355,0
3422.7031,1.5039062,43.97619,0.5954726338386536,0.5954727530479431,0
3439.0137,1.0019531,44.445213,0.5947186946868896,0.5947186946868896,0
3412.6992,1.15625,43.578796,0.5946266651153564,0.5946266055107117,0
3427.9531,1.0117188,44.080727,0.5945937633514404,0.5945937633514404,0
3416.7686,1.8076172,43.641884,0.5945662260055542,0.5945661664009094,0
3406.585,1.7041016,43.276623,0.5942621827125549,0.5942621231079102,0
3423.3818,0.9345703,43.88773,0.5941660404205322,0.5941659808158875,0
3437.3174,0.9892578,44.32865,0.5941538214683533,0.5941537618637085,0
3427.7305,1.1601562,43.979645,0.5938844680786133,0.5938845276832581,0
3433.0908,1.5380859,44.066795,0.5934382677078247,0.5934382081031799,0
3438.7168,1.1230469,44.249905,0.5931618809700012,0.5931618213653564,0
3424.3643,1.7431641,43.710045,0.5930176973342896,0.5930176973342896,0
3440.0635,0.84472656,44.289497,0.5929830074310303,0.592983067035675,0
3424.6895,1.4628906,43.733868,0.5928824543952942,0.5928823947906494,0
3441.2627,1.0302734,44.296585,0.5928099751472473,0.5928099751472473,0
3426.039,0.9003906,43.78227,0.5925561189651489,0.5925559997558594,0
3415.6172,1.1289062,43.41899,0.5925502181053162,0.5925500988960266,0
3417.5352,1.5253906,43.44085,0.5924923419952393,0.592492401599884,0
3441.5967,1.0146484,44.187263,0.5917695164680481,0.5917695164680481,0
3435.1904,1.4326172,43.9144,0.5915036797523499,0.5915035605430603,0
3432.0928,1.0576172,43.828026,0.5913782715797424,0.5913781523704529,0
3433.5977,1.3359375,43.823982,0.5911180973052979,0.5911179780960083,0
3432.6387,1.4042969,43.75985,0.5909045934677124,0.5909046530723572,0
3423.832,1.4726562,43.451378,0.5908538103103638,0.5908538103103638,0
3434.1973,1.265625,43.808968,0.5907835960388184,0.5907835960388184,0
3432.6475,1.6630859,43.699146,0.5906248092651367,0.5906248092651367,0
3434.1572,1.1787109,43.784492,0.5905375480651855,0.5905374884605408,0
3422.8027,1.2890625,43.38736,0.590491533279419,0.5904914736747742,0
1639.2197,0.22363281,31.49942,0.9420451521873474,0.9420451521873474,1
7099.12,19.45996,45.60656,0.45817556977272034,0.4581756293773651,0
7490.383,27.808594,53.477757,0.45785048604011536,0.45785048604011536,0
7484.378,27.618164,53.44334,0.4571773111820221,0.45717743039131165,0
7477.38,26.186523,50.33145,0.4465447664260864,0.4465447664260864,0
7082.2627,9.807617,39.407516,0.44025465846061707,0.44025465846061707,0
7921.131,32.121094,57.509987,0.4378478527069092,0.4378478527069092,0
7665.116,28.313477,53.897995,0.43749555945396423,0.43749547004699707,0
7551.6914,25.347656,49.198376,0.4320181906223297,0.4320182502269745,0
7747.0996,28.576172,52.81721,0.4277682602405548,0.4277683198451996,0
7684.921,26.15332,50.270977,0.41939499974250793,0.41939517855644226,0
7922.0186,29.92871,55.28427,0.4146242141723633,0.41462442278862,0
7752.041,24.304688,50.2062,0.3986648917198181,0.39866501092910767,0
7627.3047,11.5234375,39.374634,0.3879876732826233,0.38798755407333374,0
8373.488,33.13867,60.590103,0.3790771961212158,0.379077285528183,0
7994.5674,5.5615234,31.429092,0.3758225440979004,0.3758225440979004,0
7792.4473,16.046875,41.832874,0.3752516210079193,0.37525156140327454,0
7750.6455,6.1103516,37.300663,0.3737216591835022,0.3737216591835022,0
7857.5312,19.082031,44.824097,0.37025848031044006,0.37025830149650574,0
8456.451,33.51172,61.18019,0.36964303255081177,0.3696429431438446,0
7831.954,0.29589844,35.655895,0.3690272867679596,0.36902719736099243,0
8581.223,34.822266,63.604332,0.3669382929801941,0.3669382929801941,0
8014.587,9.65918,37.188515,0.35361379384994507,0.3536137044429779,0
3234.2246,1.6542969,43.816204,0.7991818785667419,0.7991818785667419,1
4274.7793,3.2617188,51.449135,0.6927179098129272,0.6927177309989929,0
4298.005,3.6591797,51.6455,0.6907559633255005,0.6907558441162109,0
4287.2217,3.4189453,51.251343,0.6886382102966309,0.6886383295059204,0
4302.173,3.6376953,51.477097,0.6882769465446472,0.6882767677307129,0
4312.2676,3.2246094,51.642513,0.6874276995658875,0.6874276399612427,0
4284.9033,3.225586,51.093815,0.6873350739479065,0.6873351335525513,0
4309.0547,3.1621094,51.566887,0.6872249245643616,0.6872251033782959,0
4283.1396,2.7490234,51.092052,0.6871146559715271,0.6871148347854614,0
4285.8066,3.0488281,51.069935,0.6867322325706482,0.6867322325706482,0
4295.8164,3.1425781,51.25641,0.6867212653160095,0.68672114610672,0
4303.5664,3.5898438,51.31801,0.6864131093025208,0.6864132285118103,0
4285.793,3.2792969,51.001186,0.686363935470581,0.6863638162612915,0
4318.0605,3.015625,51.471024,0.6844098567962646,0.6844101548194885,0
4316.2695,2.9628906,51.439766,0.6843907833099365,0.684390664100647,0
4324.7725,2.9951172,51.537018,0.6837431788444519,0.6837431788444519,0
4312.999,2.881836,51.273697,0.6833422183990479,0.6833420395851135,0
4343.2,3.7822266,51.696945,0.6827873587608337,0.6827875971794128,0
4318.0195,3.3691406,51.23508,0.682606041431427,0.6826061010360718,0
4324.66,2.9550781,51.392075,0.6823347806930542,0.6823347806930542,0
4317.999,2.9228516,51.26223,0.6823344230651855,0.6823344230651855,0
4314.826,2.5761719,51.208748,0.6820724010467529,0.6820724606513977,0
4349.6895,3.1445312,51.830956,0.681999146938324,0.6819992065429688,0
4344.5605,3.1835938,51.715286,0.6819056868553162,0.6819055676460266,0
4330.3896,3.1513672,51.431076,0.6818447113037109,0.6818445324897766,0
4318.629,2.8730469,51.208485,0.6816579103469849,0.6816579699516296,0
4330.417,2.928711,51.40558,0.6813410520553589,0.6813411712646484,0
4321.1455,2.8583984,51.17984,0.6809009313583374,0.6809007525444031,0
4331.12,3.3447266,51.294342,0.6806554198265076,0.6806553602218628,0
4328.2217,3.1572266,51.252586,0.6805826425552368,0.6805826425552368,0
4312.4795,3.2607422,50.91654,0.6805666089057922,0.6805667281150818,0
4307.961,2.9492188,50.8536,0.6804772615432739,0.6804772615432739,0
4319.0547,2.8632812,51.077335,0.6803514361381531,0.6803512573242188,0
4341.205,2.8261719,51.5232,0.6802932024002075,0.6802932024002075,0
4366.585,3.7958984,51.88788,0.6801725625991821,0.6801725625991821,0
4317.6133,2.6503906,51.04757,0.6801279187202454,0.6801279187202454,0
4349.581,3.163086,51.609497,0.6799027919769287,0.6799029111862183,0
4338.841,2.9970703,51.407722,0.679839551448822,0.679839551448822,0
4354.01,2.9238281,51.71846,0.6798216104507446,0.6798216104507446,0
4362.0605,3.2246094,51.830864,0.679716944694519,0.679716944694519,0
4346.1377,2.9658203,51.489025,0.6791843771934509,0.6791843771934509,0
4346.63,3.2607422,51.458626,0.6791531443595886,0.6791531443595886,0
4334.5723,3.1914062,51.202423,0.6789591908454895,0.6789593696594238,0
4339.085,2.6123047,51.345917,0.6788048148155212,0.6788048148155212,0
4327.5996,2.7402344,51.092876,0.6787593364715576,0.6787593364715576,0
4335.715,3.2324219,51.15728,0.6783772110939026,0.6783773303031921,0
4346.8467,3.0966797,51.35631,0.6779552102088928,0.6779552102088928,0
4356.549,3.1503906,51.491295,0.6774394512176514,0.6774398684501648,0
4354.3447,3.399414,51.409344,0.6774010062217712,0.6774008274078369,0
4337.538,2.8232422,51.137066,0.6773821711540222,0.6773820519447327,0
1045.5938,7.5234375,23.670155,0.9417777061462402,0.9417774677276611,1
3130.4834,14.907227,20.332977,0.6823909282684326,0.6823909282684326,0
3128.8682,14.516602,22.614231,0.6799119710922241,0.6799120306968689,0
3080.0781,6.7597656,27.345364,0.6648187041282654,0.6648187041282654,0
3387.4531,8.7421875,23.030373,0.6271451115608215,0.6271451115608215,0
3358.1348,1.1621094,35.511906,0.6270353198051453,0.6270353198051453,0
3488.71,9.801758,25.324738,0.6135652661323547,0.61356520652771,0
3519.2305,2.9042969,31.625484,0.5945056080818176,0.5945056080818176,0
3694.8623,11.012695,23.848896,0.5904627442359924,0.5904626250267029,0
4067.8867,19.501953,17.820923,0.5902805328369141,0.5902805924415588,0
3834.957,12.453125,23.390366,0.5769182443618774,0.5769181847572327,0
3656.1377,2.383789,31.772766,0.5719571113586426,0.5719571113586426,0
3739.6885,4.272461,29.658104,0.5615357160568237,0.5615358352661133,0
4226.6055,14.402344,19.473537,0.5439580082893372,0.5439580678939819,0
4285.709,14.357422,22.496372,0.5258322954177856,0.5258322954177856,0
4461.6357,16.692383,20.64883,0.5189054608345032,0.5189054608345032,0
4056.958,5.801758,28.851978,0.5165423154830933,0.5165421962738037,0
4262.293,10.392578,23.528564,0.5123839974403381,0.5123839974403381,0
4130.672,6.5371094,28.024334,0.5086919665336609,0.5086919665336609,0
4197.6465,6.826172,44.156334,0.49344655871391296,0.4934464395046234,0
5026.1367,20.458984,18.198406,0.47654101252555847,0.4765409529209137,0
4878.288,15.805664,20.914425,0.46056708693504333,0.46056708693504333,0
4550.243,9.061523,26.257122,0.45882055163383484,0.45882055163383484,0
4599.5986,5.901367,28.265404,0.43679893016815186,0.4367988407611847,0
4468.587,7.0302734,44.783676,0.4325202703475952,0.43252018094062805,0
5528.0947,18.391602,20.313637,0.3920494616031647,0.3920494616031647,0
5737.6562,19.40625,17.771915,0.3871442675590515,0.3871442675590515,0
5160.8076,9.407227,24.165943,0.3843512237071991,0.3843512237071991,0
4929.1533,4.4052734,29.8251,0.37736135721206665,0.37736135721206665,0
7006.1855,35.097656,12.835369,0.3738950490951538,0.37389492988586426,0
5423.8506,13.55957,22.964302,0.36890658736228943,0.36890658736228943,0
7407.7793,37.382812,11.957493,0.3544469177722931,0.35444676876068115,0
5967.4746,19.677734,18.775127,0.35336199402809143,0.35336199402809143,0
3355.7627,1.4599609,44.860584,0.7883409261703491,0.7883407473564148,1
4230.1016,3.7109375,51.455517,0.7007151246070862,0.7007150053977966,0
4239.336,3.1328125,51.234566,0.6959974765777588,0.6959972977638245,0
4249.4277,2.9042969,51.336586,0.694827139377594,0.6948270797729492,0
4263.505,3.7314453,51.500374,0.6948185563087463,0.6948187351226807,0
4243.585,2.5634766,51.153477,0.6937859654426575,0.6937859654426575,0
4264.7686,2.4677734,51.49233,0.6930005550384521,0.6930004358291626,0
4247.9453,2.9628906,51.048317,0.6923632621765137,0.6923630833625793,0
4246.176,2.5703125,51.01738,0.6919906139373779,0.6919904351234436,0
4259.086,2.9863281,51.189926,0.6916523575782776,0.6916523575782776,0
4258.1445,2.5292969,51.21398,0.6915864944458008,0.6915866136550903,0
4275.385,3.1542969,51.471615,0.6915053129196167,0.6915052533149719,0
4305.324,4.0703125,51.850044,0.6908084154129028,0.6908085346221924,0
4288.8555,3.2871094,51.59703,0.6903336644172668,0.6903335452079773,0
4279.8506,3.6103516,51.35849,0.6901321411132812,0.6901321411132812,0
4303.4414,3.0800781,51.878944,0.6900961399078369,0.6900960206985474,0
4270.334,3.8359375,51.12857,0.6900307536125183,0.6900304555892944,0
4295.8105,2.6171875,51.702072,0.689283549785614,0.6892834901809692,0
4269.1826,3.178711,51.09027,0.6890116333961487,0.6890116333961487,0
4286.7686,2.725586,51.481102,0.6889439225196838,0.6889438033103943,0
4290.3516,3.0,51.51492,0.6888912916183472,0.6888912916183472,0
4299.423,3.2666016,51.654026,0.6888461709022522,0.6888461709022522,0
4294.9033,3.5732422,51.455864,0.6881635189056396,0.688163697719574,0
4292.373,2.8457031,51.489216,0.6880810260772705,0.6880808472633362,0
4298.2305,2.4160156,51.561836,0.6872391104698181,0.6872395277023315,0
4307.544,3.383789,51.627872,0.6871788501739502,0.6871787905693054,0
4306.2715,2.8476562,51.66604,0.6871578693389893,0.6871578097343445,0
4305.884,3.3779297,51.57453,0.6869655847549438,0.6869654059410095,0
4299.6865,3.1435547,51.468147,0.6868197917938232,0.6868197917938232,0
4297.341,2.6728516,51.439262,0.6864645481109619,0.6864644289016724,0
4317.67,3.3769531,51.741123,0.6863417029380798,0.6863418221473694,0
4325.383,3.1542969,51.915535,0.6863084435462952,0.6863083243370056,0
4302.616,2.694336,51.522495,0.6862879395484924,0.6862877607345581,0
4302.71,3.3896484,51.414,0.6860249638557434,0.6860250234603882,0
4277.5225,2.069336,51.051914,0.6859790086746216,0.685978889465332,0
4312.698,3.6767578,51.54544,0.6857801079750061,0.6857802271842957,0
4298.877,2.5722656,51.39865,0.6856787204742432,0.6856788992881775,0
4304.085,2.991211,51.4125,0.6852641105651855,0.6852639317512512,0
4298.0586,2.9472656,51.28546,0.6851422190666199,0.6851422786712646,0
4339.176,3.2460938,52.04925,0.6850895881652832,0.6850895285606384,0
4306.0176,3.7050781,51.32424,0.684958815574646,0.6849587559700012,0
4290.701,2.7832031,51.108093,0.6846759915351868,0.6846758127212524,0
4320.823,3.1123047,51.661232,0.6846188306808472,0.6846187114715576,0
4310.782,3.0322266,51.47184,0.6846063137054443,0.6846061944961548,0
4281.126,2.5947266,50.92097,0.6845382452011108,0.6845382452011108,0
4282.547,2.4648438,50.94391,0.684361457824707,0.6843612194061279,0
4304.1807,3.0673828,51.30976,0.6843489408493042,0.6843490600585938,0
4309.9326,2.7060547,51.43513,0.6840577125549316,0.6840577125549316,0
4308.509,3.0810547,51.36347,0.684054970741272,0.6840552091598511,0
4326.753,3.7294922,51.599075,0.6836853623390198,0.6836853623390198,0
1819.3721,1.4052734,32.728256,0.9397423267364502,0.9397423267364502,1
6161.0225,21.233398,43.21924,0.6289364099502563,0.628936231136322,0
6847.339,25.90332,45.792915,0.5861359238624573,0.5861361622810364,0
6319.532,13.038086,40.096733,0.5855599045753479,0.5855597257614136,0
7373.4336,29.384766,48.1691,0.5541462302207947,0.5541463494300842,0
7768.2363,29.771484,47.12577,0.5144177675247192,0.5144178867340088,0
7647.3906,26.634766,46.82576,0.50860995054245,0.5086100697517395,0
8092.0957,32.445312,51.853783,0.499019980430603,0.499019980430603,0
7802.707,26.052734,46.33875,0.4896324872970581,0.48963236808776855,0
8182.7773,32.148438,51.589,0.4862461984157562,0.4862463176250458,0
7427.1787,9.397461,37.068214,0.4833338260650635,0.4833337366580963,0
7657.6836,17.861328,39.49902,0.4782174229621887,0.4782174229621887,0
7842.532,15.604492,39.870117,0.4538247585296631,0.4538247585296631,0
8721.089,35.2959,54.20813,0.4486609995365143,0.4486607611179352,0
8297.294,27.170898,47.655464,0.4431593418121338,0.44315963983535767,0
9244.185,40.411133,60.962593,0.43733036518096924,0.43733030557632446,0
8202.192,20.764648,41.684776,0.43356919288635254,0.43356919288635254,0
8051.8037,4.4990234,36.268715,0.4259457290172577,0.4259457290172577,0
8296.814,21.50586,43.671463,0.42271530628204346,0.422715425491333,0
9329.88,39.625977,58.333744,0.4136488437652588,0.4136488437652588,0
8595.445,26.93164,48.66294,0.4084770977497101,0.4084770083427429,0
8358.603,3.9814453,34.991116,0.40415477752685547,0.4041546881198883,0
8551.359,4.8535156,32.2043,0.40006664395332336,0.4000667929649353,0
9094.232,34.68164,54.129883,0.398167222738266,0.398167222738266,0
8498.052,10.444336,39.458473,0.3835245668888092,0.38352447748184204,0
8766.86,9.09082,33.17868,0.3833310008049011,0.383330762386322,0
8726.206,21.791992,43.391357,0.382982075214386,0.382982075214386,0
8682.837,9.368164,37.210926,0.37394312024116516,0.37394312024116516,0
9465.602,37.189453,56.19504,0.3721913695335388,0.3721912205219269,0
8967.692,23.086914,42.707577,0.3676176965236664,0.3676176965236664,0
8711.915,4.571289,37.064293,0.36622804403305054,0.36622804403305054,0
9679.241,39.020508,57.458885,0.3611423671245575,0.3611423671245575,0
9852.859,41.117188,59.556316,0.3584435284137726,0.3584434688091278,0
9616.859,37.498047,57.069103,0.354552686214447,0.3545528054237366,0
8907.326,17.589844,42.54384,0.352629154920578,0.3526288568973541,0
2041.9512,7.0722656,33.044075,0.8261160254478455,0.8261159062385559,1
3252.245,1.7021484,43.828682,0.63763827085495,0.63763827085495,0
3247.3896,1.8896484,43.3914,0.6348415017127991,0.6348415017127991,0
3256.5352,1.2363281,43.580128,0.6336461901664734,0.6336463689804077,0
3275.333,1.1943359,43.928936,0.6319295763969421,0.6319295763969421,0
3262.336,1.5839844,43.47338,0.6313215494155884,0.6313215494155884,0
3267.3838,1.1650391,43.607574,0.6309318542480469,0.6309318542480469,0
3281.921,1.4873047,43.9513,0.6305622458457947,0.6305622458457947,0
3267.7402,1.8125,43.514244,0.6304637789726257,0.6304637789726257,0
3276.2012,1.390625,43.71035,0.6296886205673218,0.6296886801719666,0
3269.6172,1.1679688,43.521587,0.629509687423706,0.6295096278190613,0
3287.6182,0.85253906,43.992928,0.6290042996406555,0.6290042996406555,0
3275.2373,1.9111328,43.41593,0.6276199221611023,0.6276200413703918,0
3269.9404,1.8076172,43.234688,0.6272619366645813,0.6272619366645813,0
3284.2969,1.2734375,43.690453,0.6272154450416565,0.6272152662277222,0
3274.8398,1.3320312,43.40283,0.6271005868911743,0.6271006464958191,0
3288.9453,1.2949219,43.745346,0.6264922618865967,0.6264923214912415,0
3277.9014,1.4990234,43.389313,0.626280665397644,0.6262807250022888,0
3305.3154,1.5615234,44.150116,0.6261609196662903,0.6261609196662903,0
3297.9336,1.1738281,43.970833,0.6261353492736816,0.626135528087616,0
3301.125,1.3613281,44.037567,0.6260428428649902,0.626042902469635,0
3279.456,1.7822266,43.375164,0.625982403755188,0.6259822845458984,0
3276.794,1.3173828,43.31112,0.6257211565971375,0.6257211565971375,0
3290.9824,1.7148438,43.6465,0.6253431439399719,0.6253432035446167,0
3309.3682,1.2158203,44.19502,0.6252212524414062,0.625221312046051,0
3290.0254,1.5234375,43.559753,0.6246203780174255,0.6246203184127808,0
3279.5684,1.7832031,43.22173,0.6245532035827637,0.6245532035827637,0
3294.337,1.2646484,43.653877,0.6241403818130493,0.6241403818130493,0
3287.6768,1.6865234,43.385963,0.6237878203392029,0.6237878203392029,0
3304.038,1.4892578,43.829666,0.6233342289924622,0.6233341097831726,0
3293.5684,1.3222656,43.533417,0.6232648491859436,0.6232649683952332,0
3306.6514,1.2099609,43.911,0.6231916546821594,0.6231917142868042,0
3266.7246,2.0332031,42.627483,0.6229941844940186,0.6229941844940186,0
3299.921,1.2431641,43.693512,0.6229838132858276,0.6229838132858276,0
3297.1768,1.2861328,43.5996,0.6228789687156677,0.6228790283203125,0
3308.1523,1.5351562,43.87765,0.6227061152458191,0.6227061748504639,0
3296.6611,1.7548828,43.46253,0.6221379637718201,0.6221380829811096,0
3308.5596,1.0947266,43.85936,0.6221043467521667,0.6221044063568115,0
3307.3525,1.5537109,43.7679,0.6218994855880737,0.6218995451927185,0
3278.8955,1.3818359,42.933636,0.6218435168266296,0.6218436360359192,0
3315.8633,1.6113281,43.995613,0.6217899918556213,0.6217899918556213,0
3305.8877,1.4716797,43.697105,0.6215665340423584,0.6215662956237793,0
3302.1133,1.5292969,43.578896,0.6215377449989319,0.6215377449989319,0
3296.8545,1.3662109,43.42983,0.6214614510536194,0.6214614510536194,0
3298.4482,1.6650391,43.445766,0.6214216947555542,0.621421754360199,0
3319.6377,1.5380859,43.97483,0.6204916834831238,0.620491623878479,0
3306.3281,1.6054688,43.580154,0.6204750537872314,0.6204749345779419,0
3315.8477,1.4335938,43.861435,0.6203675270080566,0.6203674674034119,0
3327.081,0.81933594,44.218964,0.6203312873840332,0.6203312277793884,0
3311.3633,1.5449219,43.66809,0.6198712587356567,0.6198714971542358,0
1313.4639,6.4521484,27.631668,0.9346842765808105,0.9346842765808105,1
3764.1094,5.4179688,39.326458,0.6331647038459778,0.6331647038459778,0
4163.0264,4.4189453,38.3794,0.5630849003791809,0.5630850195884705,0
4331.1006,7.4384766,42.363956,0.5483191013336182,0.5483191013336182,0
4593.6553,8.463867,43.535202,0.5054153203964233,0.5054153203964233,0
4544.9863,5.7753906,39.60334,0.503004789352417,0.503004789352417,0
4586.75,5.265625,38.66829,0.4950348734855652,0.495034784078598,0
5401.5576,19.14746,19.098595,0.48728707432746887,0.48728713393211365,0
4731.301,5.3867188,39.06142,0.4711337387561798,0.4711337387561798,0
5267.418,15.207031,22.882305,0.470400333404541,0.47040027379989624,0
4793.621,1.5507812,34.489017,0.4637775421142578,0.4637775421142578,0
4954.1377,9.188477,44.2444,0.4400489330291748,0.4400489926338196,0
5058.087,3.1884766,31.406487,0.4355754852294922,0.4355754852294922,0
7282.715,38.67383,14.506813,0.4322560131549835,0.4322560131549835,0
5113.0654,6.3291016,38.567635,0.4105597138404846,0.4105597138404846,0
5231.4854,13.161133,49.912228,0.4057561755180359,0.4057561159133911,0
5249.6875,13.011719,49.878067,0.4005848467350006,0.40058478713035583,0
5297.796,13.782227,51.34562,0.3967706263065338,0.3967706859111786,0
5307.2627,13.094727,50.18905,0.3881317675113678,0.388131707906723,0
5248.5576,6.196289,40.692127,0.3821578919887543,0.38215795159339905,0
5801.4297,11.138672,25.622517,0.3797469735145569,0.37974703311920166,0
5353.586,13.253906,50.33355,0.378413587808609,0.37841352820396423,0
5342.3633,10.8359375,47.222267,0.36786317825317383,0.36786311864852905,0
5413.8896,12.545898,50.192543,0.359910786151886,0.3599107265472412,0
5462.785,13.419922,50.812603,0.3538688123226166,0.353868693113327,0
5508.9756,14.633789,53.1756,0.3528977334499359,0.35289767384529114,0
5464.413,13.19043,50.936886,0.35204949975013733,0.35204944014549255,0
5471.9004,13.285156,50.021408,0.3508376479148865,0.3508375883102417,0
2061.2383,6.6171875,33.539955,0.8252205848693848,0.8252203464508057,1
3253.42,1.3828125,43.818893,0.6369507312774658,0.6369507312774658,0
3247.3877,1.2060547,43.422146,0.6345683336257935,0.6345682144165039,0
3253.376,1.5673828,43.267372,0.631768524646759,0.6317684054374695,0
3257.1025,1.6923828,43.20218,0.6302779912948608,0.6302778124809265,0
3259.7168,2.03125,43.218067,0.6300641894340515,0.630064070224762,0
3290.9453,1.1757812,44.055653,0.6288922429084778,0.6288922429084778,0
3309.2197,1.4130859,44.442577,0.6279082298278809,0.6279080510139465,0
3293.2285,1.1074219,43.997665,0.627648115158081,0.6276479959487915,0
3278.4873,1.4931641,43.519974,0.6273362040519714,0.6273360848426819,0
3273.623,1.7851562,43.30005,0.6268558502197266,0.6268558502197266,0
3293.1191,1.1640625,43.904156,0.626798152923584,0.626798152923584,0
3266.3027,1.5019531,42.998184,0.6258275508880615,0.625827431678772,0
3281.6377,1.8525391,43.411873,0.6258043646812439,0.6258043646812439,0
3302.0996,0.9472656,44.008152,0.6252244710922241,0.6252244114875793,0
3292.4502,1.6923828,43.675438,0.6251978874206543,0.6251978874206543,0
3275.6943,1.9462891,43.158432,0.625176191329956,0.6251763105392456,0
3276.7158,2.0048828,43.1652,0.625027060508728,0.6250269412994385,0
3285.1367,1.3867188,43.449272,0.6248045563697815,0.6248045563697815,0
3297.6416,1.4794922,43.72197,0.6240454912185669,0.6240454316139221,0
3297.8955,1.1669922,43.742477,0.6239457130432129,0.6239457130432129,0
3304.4404,1.2294922,43.92366,0.6239315867424011,0.6239314675331116,0
3286.749,1.6611328,43.342407,0.6236162781715393,0.6236162185668945,0
3314.255,1.3681641,44.14774,0.6235122084617615,0.6235121488571167,0
3298.337,1.3916016,43.667747,0.6232777833938599,0.6232778429985046,0
3297.7207,1.6523438,43.575336,0.6227974891662598,0.622797429561615,0
3309.1719,1.7910156,43.83734,0.6222764849662781,0.6222765445709229,0
3310.3174,1.5849609,43.87063,0.6220901608467102,0.6220901012420654,0
3297.834,1.140625,43.490013,0.6215951442718506,0.621595025062561,0
3306.1758,1.4765625,43.703384,0.6215508580207825,0.6215507388114929,0
3309.3955,2.0185547,43.692772,0.6210920214653015,0.6210920214653015,0
3290.831,1.7783203,43.154205,0.6209465861320496,0.6209465861320496,0
3287.9287,1.9228516,43.04909,0.6209345459938049,0.6209346652030945,0
3309.6162,1.6220703,43.65413,0.620281994342804,0.6202817559242249,0
3300.2656,1.4042969,43.389717,0.6202107667922974,0.6202108263969421,0
3307.5664,1.5917969,43.57756,0.6201048493385315,0.6201048493385315,0
3298.6865,1.3388672,43.30727,0.6198459267616272,0.6198458671569824,0
3319.3848,1.4628906,43.896107,0.6197514533996582,0.6197513341903687,0
3314.5537,1.4111328,43.744484,0.6196064352989197,0.6196063756942749,0
3320.6045,1.3291016,43.917538,0.6195181608200073,0.6195179224014282,0
3289.3877,1.7138672,42.926453,0.6192854642868042,0.6192854642868042,0
3315.6543,1.7675781,43.70433,0.6192426085472107,0.6192426085472107,0
3293.8145,1.8398438,43.03931,0.6192079186439514,0.6192079186439514,0
3326.8965,1.3769531,44.04747,0.6190629005432129,0.6190627217292786,0
3321.9912,1.1708984,43.900513,0.6188696622848511,0.6188697218894958,0
3315.0078,1.3652344,43.675293,0.6188077330589294,0.6188076734542847,0
3319.3682,1.1513672,43.76818,0.6183359026908875,0.6183359026908875,0
3324.4463,1.1982422,43.891678,0.618133008480072,0.6181328892707825,0
3313.9482,1.3076172,43.519707,0.6176333427429199,0.6176332235336304,0
3320.1846,1.7255859,43.65908,0.6175574660301208,0.6175574064254761,0
1494.8721,3.8095703,29.758057,0.9383906126022339,0.9383906126022339,1
5409.2354,0.8251953,33.004974,0.5251830816268921,0.5251830816268921,0
5633.587,12.09668,43.925983,0.5072112679481506,0.5072112083435059,0
6571.163,20.680664,53.942318,0.4118603467941284,0.4118604362010956,0
6893.244,9.410156,28.10017,0.39483657479286194,0.3948364555835724,0
6830.0156,22.898438,58.179115,0.38766124844551086,0.3876611888408661,0
7467.9453,16.3125,25.052864,0.3716903030872345,0.37169039249420166,0
6712.367,16.595703,47.939606,0.3661807179450989,0.3661807179450989,0
6883.576,2.5898438,35.223965,0.35330072045326233,0.35330066084861755,0
2664.6016,2.9394531,39.028557,0.8092877268791199,0.8092876672744751,1
3575.0508,1.5390625,47.62127,0.7169028520584106,0.7169029712677002,0
3597.4287,1.2919922,47.44266,0.7099522352218628,0.7099524736404419,0
3598.793,1.7988281,47.214397,0.7075649499893188,0.7075649499893188,0
3640.7969,1.4296875,48.062527,0.7073928117752075,0.7073927521705627,0
3649.837,1.6728516,48.18357,0.706924319267273,0.706924319267273,0
3612.7441,1.9765625,47.409363,0.7067769765853882,0.7067769765853882,0
3631.0225,1.8759766,47.774178,0.7066679000854492,0.7066678404808044,0
3619.125,1.7519531,47.5009,0.7061968445777893,0.7061968445777893,0
3621.7568,1.5302734,47.4946,0.7054035067558289,0.7054034471511841,0
3623.754,1.4433594,47.518856,0.7051750421524048,0.7051750421524048,0
3658.1748,2.2197266,48.134636,0.7050032019615173,0.7050032019615173,0
3627.5928,1.4755859,47.538204,0.7045718431472778,0.7045717835426331,0
3649.039,1.5644531,47.91268,0.7040113210678101,0.7040114402770996,0
3627.5508,0.9589844,47.490974,0.7038062214851379,0.7038061022758484,0
3675.4531,2.0683594,48.35977,0.7035607695579529,0.7035608887672424,0
3629.3389,1.5126953,47.456696,0.7033526301383972,0.703352689743042,0
3662.6836,1.6503906,48.094456,0.7030755877494812,0.7030758261680603,0
3667.0303,1.7841797,48.149788,0.7028314471244812,0.7028314471244812,0
3688.538,1.7099609,48.563965,0.7026605606079102,0.7026605606079102,0
3673.2705,1.9072266,48.172844,0.7018090486526489,0.7018090486526489,0
3682.0742,2.3320312,48.306553,0.7017479538917542,0.7017479538917542,0
3647.791,1.3300781,47.691742,0.7017433047294617,0.7017433047294617,0
3656.2676,1.6074219,47.80356,0.7012748122215271,0.7012746930122375,0
3659.2783,1.1865234,47.838043,0.7007322311401367,0.7007320523262024,0
3633.12,1.0458984,47.300247,0.7006446123123169,0.7006447315216064,0
3667.6357,1.7705078,47.946465,0.7004538178443909,0.7004538178443909,0
3673.3271,1.6923828,48.062523,0.7004098892211914,0.7004096508026123,0
3649.2012,1.2734375,47.59414,0.7003665566444397,0.7003666758537292,0
3645.8516,1.4726562,47.50152,0.7002336382865906,0.7002336382865906,0
3644.2334,1.4912109,47.438545,0.6999353170394897,0.6999351978302002,0
3645.0127,1.5166016,47.44551,0.6998565196990967,0.6998565196990967,0
3653.3037,1.5439453,47.611748,0.6998286843299866,0.699828565120697,0
3687.6602,1.8203125,48.280437,0.699745237827301,0.699745237827301,0
3670.4033,1.7763672,47.934452,0.6997212767601013,0.6997211575508118,0
3670.581,1.8330078,47.925507,0.6996302604675293,0.6996302604675293,0
3688.38,2.022461,48.267113,0.6996099948883057,0.6996099352836609,0
3656.1729,1.7548828,47.634506,0.6995978355407715,0.6995977163314819,0
3641.5967,1.7041016,47.328503,0.699505627155304,0.6995057463645935,0
3691.8037,2.1259766,48.312725,0.69945228099823,0.69945228099823,0
3638.8438,1.3300781,47.28884,0.6994437575340271,0.699443519115448,0
3649.9766,1.8046875,47.471863,0.6992670893669128,0.6992673277854919,0
3658.6055,1.171875,47.677086,0.6991499066352844,0.6991499066352844,0
3696.8418,1.4277344,48.412117,0.69888836145401,0.69888836145401,0
3667.8877,1.9541016,47.79074,0.6988705992698669,0.6988707184791565,0
3676.6416,1.9423828,47.95468,0.6987073421478271,0.6987073421478271,0
3659.7236,1.5478516,47.63389,0.698672354221344,0.6986721158027649,0
3694.6387,1.9882812,48.29606,0.6985118985176086,0.6985117793083191,0
3681.7432,1.4892578,48.043404,0.6982061266899109,0.6982060074806213,0
3694.9453,2.1777344,48.258533,0.6982039213180542,0.6982038021087646,0
1700.3906,1.7460938,31.582233,0.9348293542861938,0.9348292350769043,1
6581.1045,23.881836,51.089268,0.5276198387145996,0.5276197791099548,0
6195.877,13.529297,41.726402,0.5199408531188965,0.5199408531188965,0
6769.9346,3.8330078,34.17076,0.45591622591018677,0.45591622591018677,0
7090.209,3.1289062,31.544876,0.43372976779937744,0.43372994661331177,0
7070.465,3.2089844,32.874825,0.4308012127876282,0.4308012127876282,0
7158.2656,16.517578,44.1021,0.416517972946167,0.4165179133415222,0
7284.832,14.859375,43.264526,0.3975986838340759,0.3975986838340759,0
7797.87,27.838867,57.729816,0.3843287527561188,0.3843289315700531,0
7816.4053,28.09668,57.622543,0.3835802376270294,0.3835802972316742,0
7424.953,14.166016,41.797318,0.3835727274417877,0.3835727870464325,0
7525.464,6.3876953,34.560936,0.3832486569881439,0.3832486569881439,0
7813.2324,28.00586,57.480392,0.38318610191345215,0.3831861615180969,0
7975.126,9.18457,28.62645,0.3728930652141571,0.3728930652141571,0
7720.003,0.9794922,32.125088,0.3715822398662567,0.37158212065696716,0
7642.2773,3.9667969,37.06714,0.3583187758922577,0.3583187758922577,0
7903.703,26.21875,54.3332,0.3549065887928009,0.35490649938583374,0
2380.0156,5.7128906,36.893272,0.8186042904853821,0.8186043500900269,1
3354.3535,0.5878906,45.663536,0.693767786026001,0.6937676668167114,0
3343.7178,0.69433594,45.425957,0.6937350034713745,0.6937350034713745,0
3328.4668,0.5214844,44.908463,0.6917775869369507,0.6917774677276611,0
3308.0254,1.1113281,44.418022,0.6917528510093689,0.6917528510093689,0
3356.4365,0.6669922,45.36151,0.6899872422218323,0.6899873614311218,0
3345.0312,1.2441406,45.058426,0.6897422671318054,0.6897422671318054,0
3333.7822,1.2216797,44.77995,0.689489483833313,0.689489483833313,0
3360.205,0.9941406,45.37655,0.6893784403800964,0.6893784403800964,0
3383.1592,0.24707031,45.89217,0.6892697215080261,0.6892698407173157,0
3351.579,1.4501953,45.095436,0.6887133121490479,0.6887133121490479,0
3357.629,0.78125,45.211544,0.6881459355354309,0.6881459355354309,0
3394.5166,0.020507812,46.00147,0.6877102255821228,0.6877101063728333,0
3363.5977,0.5410156,45.292984,0.6875118017196655,0.6875118017196655,0
3349.873,0.70703125,44.973717,0.6874715089797974,0.6874715089797974,0
3349.4092,1.5849609,44.8554,0.6868385672569275,0.686838686466217,0
3390.2266,1.1699219,45.792152,0.6867614984512329,0.6867613792419434,0
3416.3447,0.4873047,46.377613,0.6866776347160339,0.6866776347160339,0
3379.294,0.5810547,45.500698,0.6859841346740723,0.6859841346740723,0
3379.0684,0.59765625,45.471283,0.6857280731201172,0.6857280731201172,0
3388.83,1.0351562,45.66989,0.6856910586357117,0.6856911778450012,0
3375.0088,0.86035156,45.356453,0.6855695247650146,0.6855695247650146,0
3367.587,1.1630859,45.15945,0.6854130029678345,0.6854130029678345,0
3409.1338,0.48339844,46.071167,0.6849730610847473,0.6849730610847473,0
3364.58,1.0117188,45.049072,0.6849035024642944,0.6849033832550049,0
3384.4053,0.61621094,45.493004,0.6846856474876404,0.6846856474876404,0
3378.7793,0.83984375,45.342182,0.6845105290412903,0.6845106482505798,0
3380.164,0.7714844,45.37058,0.6844531893730164,0.6844533085823059,0
3393.704,0.81933594,45.663994,0.6843541860580444,0.6843541860580444,0
3353.2227,1.0820312,44.72888,0.6843523979187012,0.6843522787094116,0
3385.29,0.61621094,45.456123,0.6840810179710388,0.6840808987617493,0
3376.9404,0.58496094,45.261856,0.6840195059776306,0.6840195059776306,0
3388.623,0.33984375,45.43947,0.6830430626869202,0.6830430626869202,0
3385.4248,0.8857422,45.344536,0.6829684376716614,0.6829684376716614,0
3393.2227,1.1445312,45.506424,0.6829359531402588,0.682935893535614,0
3384.3652,1.1054688,45.305016,0.6829118728637695,0.6829118728637695,0
3388.164,1.1835938,45.387333,0.6829107999801636,0.6829110383987427,0
3398.3252,0.88183594,45.62879,0.6828863620758057,0.6828863620758057,0
3412.0469,0.5488281,45.913456,0.682532012462616,0.6825321316719055,0
3400.3154,0.8076172,45.62332,0.682317852973938,0.6823177337646484,0
3361.2275,1.0009766,44.672974,0.6818885207176208,0.6818885207176208,0
3405.3975,0.62402344,45.670113,0.6815295219421387,0.6815294027328491,0
3397.3936,0.96191406,45.43751,0.6811164617538452,0.6811164617538452,0
3407.7656,0.703125,45.68064,0.6810957789421082,0.6810957789421082,0
3418.9697,0.19042969,45.941437,0.6810871362686157,0.6810871362686157,0
3416.4268,0.69628906,45.84101,0.6807223558425903,0.6807223558425903,0
3395.4727,0.6621094,45.36574,0.6807087659835815,0.6807087659835815,0
3401.9268,0.6611328,45.512894,0.6807056665420532,0.6807056665420532,0
3399.916,0.5019531,45.461185,0.6805993914604187,0.6805995106697083,0
3371.0166,1.0986328,44.76259,0.6805381774902344,0.6805381774902344,0
1429.0781,4.4902344,28.574772,0.93736332654953,0.9373633861541748,1
3878.6572,9.43457,40.527252,0.7112910151481628,0.7112910747528076,0
3943.0586,9.462891,40.422928,0.702273964881897,0.7022741436958313,0
4022.1543,8.855469,39.75741,0.6877261400222778,0.6877262592315674,0
4115.215,5.0820312,35.09709,0.657985508441925,0.6579856276512146,0
5401.335,15.405273,25.670895,0.5471707582473755,0.5471707582473755,0
5160.047,2.2734375,34.524025,0.5311216711997986,0.531121551990509,0
6208.5547,25.966797,22.285938,0.5211759209632874,0.5211759805679321,0
5334.919,2.0810547,30.488201,0.5181812047958374,0.5181810855865479,0
5544.4824,6.9160156,26.683758,0.5106431841850281,0.5106431841850281,0
5596.007,3.0498047,30.132042,0.4911324381828308,0.4911324381828308,0
5756.1885,1.9228516,31.27808,0.4695795774459839,0.4695795178413391,0
5713.9414,0.9550781,33.612347,0.4674452245235443,0.4674452841281891,0
6086.8076,9.84668,27.66927,0.4564167559146881,0.4564167559146881,0
5782.543,2.3847656,36.284657,0.45302146673202515,0.45302146673202515,0
5942.783,2.8164062,32.019615,0.44682976603507996,0.44682982563972473,0
6346.881,13.140625,25.978153,0.4443236291408539,0.4443236291408539,0
6055.838,5.232422,30.115181,0.4431488811969757,0.4431488811969757,0
6404.953,8.087891,28.427994,0.41667571663856506,0.41667571663856506,0
6577.4404,8.635742,27.789577,0.4024674594402313,0.4024675786495209,0
6382.496,2.6308594,31.980503,0.39733994007110596,0.39733994007110596,0
6338.121,15.9921875,49.792057,0.38628828525543213,0.3862883746623993,0
7843.3643,25.362305,21.929935,0.3649749159812927,0.3649749159812927,0
8347.188,32.37207,21.924164,0.3556426763534546,0.3556426763534546,0
6559.0684,16.910156,49.22955,0.3547625243663788,0.3547625243663788,0
6519.911,14.750977,47.306183,0.35395368933677673,0.35395368933677673,0
6516.407,14.686523,47.54675,0.3536580502986908,0.35365813970565796,0
6538.092,14.644531,46.837925,0.351716011762619,0.3517161011695862,0
3342.3555,1.5722656,44.616657,0.7891280651092529,0.7891280651092529,1
4144.1855,2.9257812,51.360695,0.7162028551101685,0.7162027359008789,0
4191.125,3.0195312,51.51024,0.7089582085609436,0.7089581489562988,0
4168.288,3.1611328,51.058685,0.70881587266922,0.70881587266922,0
4201.0273,2.8652344,51.605568,0.7078902721405029,0.7078902721405029,0
4204.0107,2.8857422,51.342335,0.7046360969543457,0.7046358585357666,0
4216.298,3.696289,51.30044,0.7028970718383789,0.702896773815155,0
4250.711,3.5410156,51.941742,0.7027045488357544,0.702704131603241,0
4235.623,3.1601562,51.654545,0.7021259665489197,0.7021259665489197,0
4211.382,3.1201172,51.16795,0.7017585635185242,0.7017585039138794,0
4212.795,3.0292969,51.201218,0.7017179727554321,0.7017179131507874,0
4217.5293,2.7910156,51.31095,0.7016586661338806,0.7016585469245911,0
4263.793,3.7753906,52.034622,0.7014847993850708,0.7014847993850708,0
4201.7227,3.1894531,50.9389,0.7013965845108032,0.7013964653015137,0
4220.6387,3.140625,51.26197,0.700972855091095,0.7009727954864502,0
4208.0234,2.125,51.10901,0.700824499130249,0.7008246779441833,0
4224.043,3.1425781,51.30237,0.7007353901863098,0.7007353901863098,0
4230.795,2.7617188,51.44684,0.7004801034927368,0.7004799246788025,0
4212.544,2.4873047,51.084652,0.7000492811203003,0.7000494003295898,0
4217.509,3.2177734,51.0922,0.6999739408493042,0.6999738216400146,0
4233.3555,3.21875,51.34164,0.6994568705558777,0.699457049369812,0
4248.2344,3.1796875,51.58583,0.6990382671356201,0.6990382671356201,0
4269.6104,2.8623047,51.972767,0.6985397934913635,0.6985397934913635,0
4244.2773,2.9199219,51.49047,0.6985271573066711,0.6985272765159607,0
4225.417,2.9013672,51.08554,0.6980589032173157,0.69805908203125,0
4258.0156,3.0703125,51.66159,0.697807788848877,0.6978077292442322,0
4252.8594,2.4472656,51.567802,0.6971873641014099,0.6971873641014099,0
4246.0186,2.881836,51.379826,0.6970483064651489,0.6970484256744385,0
4242.038,2.5927734,51.313896,0.6968492865562439,0.6968489289283752,0
4271.7,3.6416016,51.652725,0.6958339810371399,0.6958338022232056,0
4264.7627,2.790039,51.623337,0.6958169341087341,0.6958169937133789,0
4236.6836,2.8222656,51.07552,0.6957601308822632,0.6957600712776184,0
4280.6133,3.0429688,51.88514,0.695717990398407,0.6957180500030518,0
4271.664,3.0097656,51.71821,0.6956981420516968,0.6956979632377625,0
4272.4023,3.3339844,51.680786,0.6955720782279968,0.6955722570419312,0
4284.37,3.415039,51.887287,0.6954792141914368,0.6954790949821472,0
4238.4414,2.4648438,51.11274,0.695435643196106,0.695435643196106,0
4262.0254,3.4160156,51.44135,0.6952597498893738,0.6952597498893738,0
4213.8506,3.1708984,50.527752,0.6952005624771118,0.6952004432678223,0
4243.4824,2.7988281,51.13951,0.6950780153274536,0.6950779557228088,0
4272.9688,3.1152344,51.660103,0.6949852108955383,0.6949853301048279,0
4253.302,2.930664,51.28943,0.6948308348655701,0.6948310136795044,0
4248.2314,2.790039,51.204292,0.6948041915893555,0.694804310798645,0
4296.6895,3.2265625,52.07407,0.6947798728942871,0.6947798728942871,0
4258.4277,3.1328125,51.310875,0.6943035125732422,0.6943035125732422,0
4301.418,3.2304688,52.11543,0.6942959427833557,0.6942959427833557,0
4266.13,2.836914,51.48667,0.6942408680915833,0.6942407488822937,0
4274.301,3.4726562,51.559685,0.6941745281219482,0.6941746473312378,0
4267.467,2.6992188,51.51906,0.6941628456115723,0.6941628456115723,0
4290.71,3.2353516,51.836174,0.6935074329376221,0.6935071349143982,0
540.45703,12.410156,13.505974,0.9162461757659912,0.9162463545799255,1
1918.6494,16.575195,10.955229,0.42536085844039917,0.4253607988357544,0
2826.8662,26.426758,0.852684,0.41719263792037964,0.417192667722702,0
3101.2266,28.875,2.9761162,0.4103689193725586,0.41036897897720337,0
3355.0576,30.49121,4.587185,0.3938996195793152,0.3938996195793152,0
3657.0068,32.063477,7.3081665,0.3863454759120941,0.3863454759120941,0
3700.9756,32.22168,7.2241364,0.37694621086120605,0.37694621086120605,0
3731.8066,33.42383,6.0362625,0.3695412874221802,0.3695412874221802,0
3260.1895,29.482422,2.0334206,0.3636418282985687,0.3636418879032135,0
4092.537,34.984375,9.15398,0.3602781593799591,0.3602781593799591,0
3123.336,27.71875,1.0848236,0.358722060918808,0.358722060918808,0
4491.044,37.432617,11.686481,0.35340988636016846,0.35340988636016846,0
3266.0186,1.6591797,43.84583,0.794559121131897,0.794559121131897,1
4206.2686,2.6552734,51.395,0.7045015096664429,0.7045014500617981,0
4250.2227,3.1503906,52.09009,0.7038635015487671,0.7038635611534119,0
4219.5576,3.334961,51.345493,0.7022529244422913,0.7022529244422913,0
4220.7695,3.1210938,51.367393,0.7019824981689453,0.7019824981689453,0
4252.885,3.0898438,51.909332,0.7013681530952454,0.7013681530952454,0
4253.092,3.5078125,51.852737,0.7012696266174316,0.7012696266174316,0
4244.5127,3.4853516,51.624226,0.7005287408828735,0.7005290389060974,0
4225.547,2.8476562,51.27148,0.6998087763786316,0.6998090744018555,0
4233.2812,3.1054688,51.383175,0.6997507810592651,0.6997507214546204,0
4253.9688,3.265625,51.74492,0.6996711492538452,0.6996709108352661,0
4270.418,3.2851562,52.03697,0.699556827545166,0.6995566487312317,0
4236.327,3.055664,51.367466,0.6989580988883972,0.6989579796791077,0
4243.3027,2.9238281,51.509544,0.6989091038703918,0.6989091634750366,0
4274.836,3.3964844,52.014393,0.698609471321106,0.6986092925071716,0
4239.669,2.8017578,51.383766,0.6982054114341736,0.6982052326202393,0
4232.086,2.4160156,51.242092,0.6978537440299988,0.6978537440299988,0
4255.504,2.7480469,51.639023,0.6977004408836365,0.6977002620697021,0
4273.5117,3.6152344,51.8586,0.6975467801094055,0.6975467801094055,0
4224.3027,2.8710938,51.002396,0.6974263787269592,0.6974265575408936,0
4251.7314,2.8447266,51.50715,0.697193443775177,0.6971936225891113,0
4257.4287,2.803711,51.608368,0.697081446647644,0.6970812678337097,0
4276.711,3.1367188,51.90274,0.6967626214027405,0.6967623829841614,0
4250.8145,3.3691406,51.330784,0.6962310075759888,0.6962310671806335,0
4267.6406,2.8515625,51.7093,0.6962011456489563,0.6962011456489563,0
4258.4805,3.0683594,51.495823,0.6960473656654358,0.6960473656654358,0
4269.3955,3.0947266,51.66398,0.6956836581230164,0.695683479309082,0
4276.9316,3.0,51.811874,0.695627748966217,0.6956276893615723,0
4224.115,2.6855469,50.83027,0.6956156492233276,0.6956159472465515,0
4253.7275,3.352539,51.31537,0.6955065727233887,0.6955063939094543,0
4288.911,2.9892578,52.01819,0.6954224705696106,0.6954224705696106,0
4232.8926,2.4121094,51.002003,0.6953586339950562,0.6953588724136353,0
4272.0527,2.8828125,51.68662,0.6951611638069153,0.695160984992981,0
4274.423,3.0498047,51.68833,0.6949143409729004,0.6949142217636108,0
4268.215,3.2246094,51.54104,0.6948319673538208,0.6948318481445312,0
4254.451,3.0722656,51.28959,0.6947758793830872,0.6947758197784424,0
4257.2773,3.0351562,51.345016,0.6947425007820129,0.6947423219680786,0
4276.968,3.0419922,51.692665,0.6944614052772522,0.6944614052772522,0
4235.051,2.7773438,50.8956,0.6942910552024841,0.6942910552024841,0
4247.0684,3.015625,51.10058,0.6942634582519531,0.6942635774612427,0
4288.172,3.5117188,51.81697,0.694159209728241,0.6941593289375305,0
4286.676,3.1699219,51.771782,0.6935504078865051,0.6935502290725708,0
4247.5947,2.6572266,51.07117,0.6934994459152222,0.6934994459152222,0
4273.708,3.0498047,51.529022,0.6934568285942078,0.6934568285942078,0
4261.032,2.9072266,51.294415,0.6933922171592712,0.6933920383453369,0
4299.217,3.3613281,51.957794,0.6932663917541504,0.6932662725448608,0
4274.377,3.0605469,51.519722,0.6932496428489685,0.6932497620582581,0
4298.4785,3.3339844,51.943794,0.693230390548706,0.6932305097579956,0
4282.5264,2.9873047,51.667282,0.69307941198349,0.6930795311927795,0
4275.8047,3.1054688,51.518066,0.6930143237113953,0.6930140256881714,0
572.2129,12.974609,13.42288,0.9084382057189941,0.9084383249282837,1
1898.3398,16.464844,10.885855,0.4323294758796692,0.4323294162750244,0
1830.1201,15.229492,13.134613,0.42223164439201355,0.42223161458969116,0
1875.2549,15.713867,12.513823,0.41599196195602417,0.4159919023513794,0
1981.2227,16.982422,10.276272,0.41417187452316284,0.41417181491851807,0
1938.8984,16.285156,11.176834,0.4118225574493408,0.41182249784469604,0
2460.4512,21.888672,3.0318565,0.4063827395439148,0.40638282895088196,0
3248.5498,29.13379,3.7351074,0.3874262869358063,0.3874262273311615,0
2072.583,17.081055,11.506493,0.3672764301300049,0.36727654933929443,0
2410.954,19.97168,5.5859833,0.36227402091026306,0.3622739911079407,0
2466.667,20.88379,5.372341,0.3593091666698456,0.35930919647216797,0
3657.0303,32.342773,5.0839157,0.35514622926712036,0.35514628887176514,0
4027.5908,34.600586,8.286907,0.3547149896621704,0.3547149896621704,0
3987.9307,34.504883,7.8142166,0.35462772846221924,0.35462772846221924,0
4332.996,37.48828,9.500484,0.35257092118263245,0.35257092118263245,0
3849.9102,33.66992,6.4918213,0.35219958424568176,0.352199524641037,0
3316.4434,1.5761719,44.66479,0.7885675430297852,0.7885674238204956,1
3915.7979,2.897461,51.32729,0.7523226737976074,0.7523228526115417,0
3900.083,2.3935547,50.996376,0.7509190440177917,0.7509190440177917,0
3916.7334,2.8583984,51.17301,0.7502569556236267,0.7502567172050476,0
3911.4062,2.4609375,50.924297,0.74796462059021,0.7479645609855652,0
3905.085,1.7705078,50.827965,0.7475056052207947,0.7475057244300842,0
3929.8066,3.1289062,50.987732,0.7458783388137817,0.745878279209137,0
3932.294,2.508789,50.88079,0.743500828742981,0.7435007095336914,0
3965.2754,3.4082031,51.266712,0.7426136136054993,0.7426134943962097,0
3944.082,1.3847656,51.046814,0.7422923445701599,0.7422923445701599,0
3938.708,1.6767578,50.818665,0.7408996224403381,0.7408996820449829,0
3943.6914,2.2695312,50.844486,0.7406845092773438,0.7406845092773438,0
3929.8164,2.0546875,50.605568,0.7404806613922119,0.7404808402061462,0
3939.5107,2.9833984,50.593693,0.7393953800201416,0.7393953800201416,0
3926.3486,1.7685547,50.43714,0.7390745282173157,0.7390744686126709,0
3933.0586,2.2949219,50.49463,0.738838791847229,0.7388386726379395,0
3965.0596,2.5576172,50.997337,0.7385764122009277,0.7385762929916382,0
3963.9248,2.1240234,50.997948,0.7384110689163208,0.738411009311676,0
3961.1572,1.8876953,50.96325,0.7383684515953064,0.7383684515953064,0
3947.8018,1.3310547,50.742065,0.7381038665771484,0.7381038665771484,0
3976.8506,1.6513672,51.20588,0.7379396557807922,0.7379398345947266,0
3934.538,3.2958984,50.329456,0.7378168702125549,0.7378169298171997,0
3957.1816,2.2167969,50.77285,0.7372545599937439,0.7372545599937439,0
3958.6475,2.2060547,50.7668,0.7368980050086975,0.7368981242179871,0
3965.3936,1.7548828,50.889503,0.7366323471069336,0.7366323471069336,0
3958.4033,2.3427734,50.65142,0.7357881665229797,0.7357879877090454,0
3952.2236,1.2158203,50.566147,0.7352667450904846,0.7352667450904846,0
4002.5244,2.6689453,51.30353,0.7349281907081604,0.73492830991745,0
3970.5137,2.1230469,50.79579,0.7348818182945251,0.7348816990852356,0
3959.6885,2.1533203,50.598324,0.7347995638847351,0.7347997426986694,0
3969.42,1.4746094,50.805836,0.7347559332847595,0.7347559332847595,0
3969.5752,2.4794922,50.698555,0.7343023419380188,0.7343022227287292,0
3999.1963,2.4638672,51.20896,0.7342916131019592,0.734291672706604,0
3955.2783,2.5126953,50.396652,0.7337684035301208,0.7337685227394104,0
3986.7275,2.4658203,50.927147,0.7335323691368103,0.7335323095321655,0
3967.6836,1.6933594,50.62195,0.7332002520561218,0.7332002520561218,0
3992.0107,2.274414,50.985905,0.7329963445663452,0.7329962253570557,0
3972.419,1.3583984,50.68272,0.7327664494514465,0.732766330242157,0
4039.997,2.413086,51.76009,0.7326231002807617,0.7326229810714722,0
4008.2383,1.9921875,51.23896,0.7324708104133606,0.732470691204071,0
4005.87,2.413086,51.16501,0.7324538826942444,0.7324538230895996,0
4013.7285,2.4375,51.294975,0.7324228882789612,0.7324225902557373,0
3996.8965,2.1015625,51.021027,0.7323013544082642,0.7323014736175537,0
3994.171,2.038086,50.973694,0.7322486042976379,0.7322486042976379,0
3982.8203,1.8515625,50.76689,0.7320037484169006,0.7320041060447693,0
3982.5117,1.3359375,50.783615,0.7319319248199463,0.7319319844245911,0
4009.1963,2.0126953,51.204346,0.7319098711013794,0.7319097518920898,0
3964.167,1.6826172,50.43004,0.7317883372306824,0.7317882180213928,0
3987.4092,2.102539,50.8075,0.7317612767219543,0.7317612767219543,0
4011.2197,1.8193359,51.232777,0.7316946387290955,0.7316946387290955,0
1736.5957,0.6035156,31.716015,0.9340047836303711,0.9340047836303711,1
4899.5938,8.109375,37.837128,0.6577670574188232,0.6577669382095337,0
5331.913,8.135742,38.973457,0.6150122284889221,0.6150124073028564,0
6098.8047,22.052734,47.56872,0.5891037583351135,0.5891037583351135,0
6476.71,14.825195,42.546814,0.5100253820419312,0.5100253820419312,0
6989.04,25.82129,52.22712,0.50730299949646,0.5073030591011047,0
6559.037,11.037109,39.253742,0.49421489238739014,0.49421489238739014,0
6632.4004,9.326172,38.47018,0.4844181537628174,0.48441794514656067,0
6661.711,8.154297,38.674675,0.47896185517311096,0.47896185517311096,0
6850.169,18.131836,44.875732,0.47872596979141235,0.4787260890007019,0
7274.216,26.827148,53.325577,0.476887583732605,0.47688764333724976,0
7309.658,26.396484,53.686733,0.46914011240005493,0.46914011240005493,0
7364.291,27.164062,54.479862,0.4683944880962372,0.4683946371078491,0
7545.9355,28.611328,55.40355,0.45503145456314087,0.45503130555152893,0
7034.5293,12.3984375,40.797012,0.4448865056037903,0.4448865056037903,0
7070.495,9.614258,38.47963,0.4403577148914337,0.44035759568214417,0
7103.6562,14.166016,43.816696,0.43642523884773254,0.4364251494407654,0
7171.9404,4.0615234,36.51685,0.4283135235309601,0.4283134341239929,0
7697.0195,27.58789,55.22164,0.42382463812828064,0.4238247275352478,0
7376.04,18.987305,45.39468,0.4206099212169647,0.42060986161231995,0
7836.84,29.498047,55.936287,0.41973742842674255,0.4197375774383545,0
7317.077,5.7490234,36.44717,0.41592293977737427,0.41592293977737427,0
7787.078,27.736328,55.105648,0.4116535186767578,0.4116535186767578,0
7430.907,1.1962891,34.00567,0.4107268452644348,0.41072675585746765,0
7556.8047,6.189453,37.20931,0.39005276560783386,0.3900526762008667,0
7572.8877,10.165039,38.65043,0.38971275091171265,0.38971275091171265,0
7815.256,24.353516,49.972305,0.38719430565834045,0.38719430565834045,0
7636.129,6.0878906,37.16133,0.38222792744636536,0.3822278380393982,0
7581.6523,13.683594,43.743748,0.3810617923736572,0.3810617923736572,0
7681.533,9.535156,38.2297,0.3789517879486084,0.3789517879486084,0
7611.162,11.697266,41.94081,0.3778754472732544,0.37787553668022156,0
7683.207,13.558594,42.023212,0.37487274408340454,0.37487274408340454,0
7870.926,4.5410156,33.21445,0.37474241852760315,0.3747422397136688,0
8625.2295,35.13379,66.042564,0.36309003829956055,0.36309000849723816,0
8302.564,9.544922,29.828262,0.3584969639778137,0.3584969639778137,0
7861.04,8.854492,39.258667,0.35521531105041504,0.3552152216434479,0
7996.538,4.1416016,35.392696,0.3526061475276947,0.35260605812072754,0
7909.6025,9.979492,39.57984,0.35104480385780334,0.35104480385780334,0
3360.87,1.7451172,44.539997,0.7820034623146057,0.7820034623146057,1
4041.5898,2.4980469,50.531803,0.7210462689399719,0.7210462689399719,0
4037.3604,2.0458984,50.475624,0.7208753824234009,0.7208753824234009,0
4103.4766,2.8046875,51.54351,0.7203370332717896,0.7203369140625,0
4066.2393,1.8662109,50.93612,0.7200875282287598,0.7200875878334045,0
4092.6992,2.109375,51.378143,0.7199476361274719,0.7199477553367615,0
4066.998,2.6855469,50.86644,0.7199168801307678,0.7199168801307678,0
4059.7207,2.1191406,50.776844,0.719840407371521,0.7198404669761658,0
4048.1387,2.0625,50.558838,0.7197181582450867,0.7197182178497314,0
4085.0898,2.2792969,51.150696,0.7190967798233032,0.7190967798233032,0
4085.5479,1.9541016,51.167595,0.7189257144927979,0.7189258337020874,0
4094.245,2.959961,51.14103,0.71792072057724,0.71792072057724,0
4095.8555,2.9648438,51.10861,0.7172719240188599,0.7172717452049255,0
4085.1025,2.1201172,50.926315,0.7165815830230713,0.7165817022323608,0
4105.7715,2.2089844,51.26581,0.7162928581237793,0.7162930369377136,0
4104.9365,2.0576172,51.251366,0.7161747813224792,0.7161747217178345,0
4107.747,2.8076172,51.22753,0.7160813212394714,0.7160811424255371,0
4079.8984,2.1777344,50.735046,0.7156287431716919,0.7156285643577576,0
4108.9893,2.399414,51.167027,0.7147902846336365,0.7147904634475708,0
4089.8125,1.8789062,50.846138,0.7146658301353455,0.714665949344635,0
4094.4639,2.0126953,50.87903,0.7142213582992554,0.7142213582992554,0
4118.21,2.1279297,51.271,0.7138844728469849,0.7138844132423401,0
4099.9453,2.2304688,50.90975,0.713672399520874,0.7136722803115845,0
4107.743,2.0654297,51.050545,0.7135162353515625,0.7135162353515625,0
4104.882,2.6865234,50.940197,0.7134751677513123,0.7134751677513123,0
4082.963,2.0,50.59455,0.7134714126586914,0.7134714126586914,0
4088.0293,2.5097656,50.64227,0.7134341597557068,0.713434100151062,0
4093.0732,1.8447266,50.77308,0.7132689356803894,0.7132689356803894,0
4136.375,2.4980469,51.46002,0.7127259969711304,0.7127258777618408,0
4125.701,3.1328125,51.180573,0.712502658367157,0.7125024795532227,0
4089.5977,1.9882812,50.616447,0.712432861328125,0.7124326825141907,0
4127.3145,2.0195312,51.266434,0.7119953036308289,0.7119951248168945,0
4120.4395,2.4804688,51.102898,0.7119941711425781,0.7119942903518677,0
4154.8936,3.1845703,51.630913,0.7117287516593933,0.7117288112640381,0
4124.1914,1.6582031,51.201324,0.711653470993042,0.7116535902023315,0
4125.2275,2.631836,51.13652,0.7115764617919922,0.7115763425827026,0
4127.635,2.4667969,51.19279,0.711543083190918,0.7115429639816284,0
4122.158,2.6484375,51.0488,0.7112658619880676,0.7112657427787781,0
4122.802,2.2607422,51.072716,0.7110273241996765,0.711027204990387,0
4140.048,2.3232422,51.379097,0.7109872102737427,0.7109870910644531,0
4129.677,2.1845703,51.191013,0.7108796834945679,0.7108798027038574,0
4109.3145,1.5097656,50.860886,0.7108718156814575,0.7108718156814575,0
4128.1035,1.9492188,51.151604,0.7105823159217834,0.7105823159217834,0
4124.6426,3.0859375,50.97702,0.7105265855789185,0.7105265855789185,0
4126.6465,1.6660156,51.107773,0.7102081179618835,0.7102082967758179,0
4131.999,1.9072266,51.182114,0.7101220488548279,0.7101221084594727,0
4119.372,2.821289,50.864544,0.7100769877433777,0.7100766897201538,0
4116.1436,1.7021484,50.88138,0.7099003195762634,0.7099000811576843,0
4125.33,1.9121094,51.018494,0.7097030282020569,0.7097031474113464,0
4130.407,2.209961,51.08581,0.7096631526947021,0.709663450717926,0
1559.0361,3.1826172,29.773056,0.9371134638786316,0.937113344669342,1
6619.5957,23.128906,52.68534,0.48756757378578186,0.48756757378578186,0
6590.3457,22.425781,51.916237,0.48558109998703003,0.48558109998703003,0
6328.457,0.36328125,32.688217,0.4748417139053345,0.47484180331230164,0
6940.1387,10.357422,28.069592,0.4422193765640259,0.4422193765640259,0
6985.7793,23.77539,53.235638,0.4360288381576538,0.4360288381576538,0
6723.9883,4.4628906,33.933556,0.43306586146354675,0.43306586146354675,0
7605.675,21.129883,25.29245,0.4246678948402405,0.42466771602630615,0
6833.086,16.378906,44.44908,0.4207777678966522,0.4207777678966522,0
6907.502,17.644531,46.311565,0.4136273264884949,0.4136273264884949,0
6920.9414,12.576172,37.996418,0.4136253595352173,0.41362547874450684,0
6944.916,16.535156,44.603664,0.406990647315979,0.406990647315979,0
6926.3926,10.9296875,39.845066,0.40297067165374756,0.40297070145606995,0
7137.9346,1.8720703,35.217808,0.38381481170654297,0.38381481170654297,0
7225.673,3.3134766,35.496094,0.3742417097091675,0.37424150109291077,0
7985.8584,16.694336,26.496338,0.36990198493003845,0.36990198493003845,0
8519.885,24.980469,25.675861,0.35751551389694214,0.3575153350830078,0
2615.7021,3.6279297,38.871197,0.8161314129829407,0.8161316514015198,1
3659.5225,1.7861328,48.1745,0.7031288743019104,0.7031291127204895,0
3647.3145,1.9023438,47.90708,0.7029557228088379,0.7029557228088379,0
3586.1475,0.5517578,46.681053,0.7025694847106934,0.7025694847106934,0
3618.5273,1.5371094,47.22216,0.7016257047653198,0.7016258239746094,0
3625.6064,1.1259766,47.23626,0.7000122666358948,0.7000123858451843,0
3644.912,1.2128906,47.622208,0.6999279856681824,0.6999278664588928,0
3646.836,1.1171875,47.636627,0.699613094329834,0.6996132731437683,0
3645.0098,1.4472656,47.530285,0.6990671753883362,0.6990671753883362,0
3643.8418,1.34375,47.503662,0.6989774107933044,0.698977530002594,0
3633.3066,1.1308594,47.258583,0.6985867619514465,0.6985868811607361,0
3649.6436,1.2763672,47.569794,0.6983748078346252,0.6983749866485596,0
3677.0469,1.1953125,48.107582,0.6981039643287659,0.6981039643287659,0
3674.2734,1.8925781,47.99803,0.6979958415031433,0.6979957222938538,0
3661.7373,1.5302734,47.759254,0.6979029774665833,0.6979030966758728,0
3667.4922,1.5351562,47.86727,0.6978031396865845,0.6978031992912292,0
3639.3643,1.2939453,47.280025,0.6975874304771423,0.6975874304771423,0
3660.5723,1.6464844,47.644974,0.697022557258606,0.6970226764678955,0
3680.626,1.4599609,48.060036,0.6969459652900696,0.6969460844993591,0
3668.292,1.5244141,47.804432,0.6969449520111084,0.6969452500343323,0
3679.9404,1.7861328,47.999416,0.6966721415519714,0.696672260761261,0
3643.796,1.1005859,47.28782,0.6966119408607483,0.6966118812561035,0
3701.7559,2.0585938,48.36848,0.6961116194725037,0.6961116194725037,0
3644.9414,1.1347656,47.245384,0.695946216583252,0.695946216583252,0
3677.4326,1.7021484,47.8768,0.6958375573158264,0.6958375573158264,0
3655.4053,1.4111328,47.43158,0.6957550048828125,0.695755124092102,0
3663.4932,1.3544922,47.596836,0.6956869959831238,0.6956871151924133,0
3681.5527,1.4511719,47.94371,0.6954747438430786,0.6954748630523682,0
3669.912,1.4648438,47.695564,0.6953932046890259,0.6953933835029602,0
3654.9463,1.3271484,47.373047,0.6951996684074402,0.6951994299888611,0
3684.1953,1.2929688,47.959694,0.694968044757843,0.6949681639671326,0
3653.5322,1.1025391,47.32579,0.6949012875556946,0.694901168346405,0
3670.459,1.5507812,47.63289,0.6946704983711243,0.6946704983711243,0
3682.1182,1.4423828,47.879784,0.6946587562561035,0.6946589946746826,0
3663.379,1.1445312,47.477386,0.6943523287773132,0.6943524479866028,0
3691.045,1.9101562,47.988934,0.6942070126533508,0.6942071914672852,0
3686.838,1.6113281,47.92136,0.6941777467727661,0.6941777467727661,0
3681.205,1.3710938,47.814533,0.6941202878952026,0.6941202878952026,0
3653.8467,1.0029297,47.259743,0.6941133141517639,0.6941133737564087,0
3679.8057,1.6689453,47.720825,0.6936352252960205,0.693635106086731,0
3692.4941,1.8476562,47.958984,0.6935135722160339,0.6935136914253235,0
3682.5547,1.2636719,47.79088,0.6935113072395325,0.693511426448822,0
3663.1055,1.6757812,47.35633,0.6934898495674133,0.6934897303581238,0
3683.1982,0.95214844,47.809128,0.6934117078781128,0.6934115886688232,0
3664.4727,1.1484375,47.37864,0.6931003928184509,0.6931004524230957,0
3672.378,1.6142578,47.472862,0.6926335096359253,0.6926333904266357,0
3649.5537,0.8564453,47.020912,0.6925727128982544,0.692572832107544,0
3691.7373,1.4873047,47.86016,0.6923630833625793,0.6923630833625793,0
3703.9678,1.2705078,48.116943,0.6922757029533386,0.692275881767273,0
3695.918,1.3574219,47.94422,0.6922541856765747,0.6922540664672852,0
1550.5889,4.053711,29.91222,0.9307364225387573,0.9307364225387573,1
4251.925,6.2490234,28.781319,0.6408168077468872,0.6408168077468872,0
4462.0225,3.8779297,36.206825,0.6160355806350708,0.6160354614257812,0
4715.579,10.383789,41.5163,0.6032808423042297,0.6032808423042297,0
4633.8135,1.8779297,31.911446,0.5938742756843567,0.5938742756843567,0
4961.8555,1.609375,33.276928,0.5553522706031799,0.5553522706031799,0
5147.382,7.131836,38.793755,0.535388171672821,0.535388171672821,0
5325.5254,6.6464844,38.349148,0.5117877721786499,0.5117877125740051,0
5366.8525,5.8447266,37.42798,0.5061200261116028,0.5061201453208923,0
5503.7705,10.18457,41.608994,0.4942702353000641,0.4942702353000641,0
5865.1895,3.0117188,31.71561,0.4566635489463806,0.45666366815567017,0
6163.6406,5.3671875,30.149662,0.43144866824150085,0.43144869804382324,0
6348.0977,18.519531,51.248608,0.39932113885879517,0.39932122826576233,0
6210.7363,6.0703125,38.059338,0.39837825298309326,0.39837825298309326,0
6410.925,16.786133,48.219822,0.3801344037055969,0.3801344037055969,0
6449.502,16.919922,49.004,0.37347283959388733,0.3734729290008545,0
6460.841,16.706055,48.716927,0.3707999289035797,0.3707999289035797,0
7167.5234,15.2109375,27.219887,0.3604429066181183,0.360443115234375,0
2014.7588,6.7216797,33.142902,0.8268241882324219,0.8268241882324219,1
2989.9287,2.2353516,42.924053,0.6889473795890808,0.6889472603797913,0
3005.5928,1.9716797,43.31098,0.6889171600341797,0.6889170408248901,0
3005.1934,2.03125,43.18222,0.6875588893890381,0.6875588893890381,0
3001.1982,2.3466797,42.884018,0.6855582594871521,0.6855582594871521,0
3001.1162,1.9208984,42.79345,0.6840566992759705,0.6840566992759705,0
3007.255,2.430664,42.814632,0.6832335591316223,0.6832335591316223,0
3035.8906,2.1015625,43.49553,0.6828740239143372,0.6828740239143372,0
3016.6191,2.640625,42.96945,0.682735800743103,0.6827359199523926,0
3009.3086,2.6230469,42.742332,0.6821278929710388,0.6821277737617493,0
3007.4834,2.1845703,42.696762,0.6815431714057922,0.6815430521965027,0
2996.3105,2.1347656,42.412556,0.681364119052887,0.681364119052887,0
3046.168,2.0410156,43.5915,0.6810881495475769,0.6810880303382874,0
3035.4688,2.0527344,43.337433,0.6810622215270996,0.6810620427131653,0
3020.2207,2.5078125,42.916054,0.6809610724449158,0.6809611916542053,0
3042.6064,1.6943359,43.4999,0.6806268692016602,0.680627167224884,0
3026.288,2.178711,43.04087,0.6803027987480164,0.6803029179573059,0
3021.4824,2.2578125,42.9061,0.6801811456680298,0.6801811456680298,0
3010.1484,2.2285156,42.625557,0.6800894141197205,0.6800894141197205,0
3018.3193,2.0517578,42.83144,0.6799607276916504,0.6799607276916504,0
3010.7773,2.7285156,42.546112,0.6797162890434265,0.6797164082527161,0
3025.4258,2.5,42.86795,0.6789939403533936,0.6789939403533936,0
3037.0762,1.8261719,43.17204,0.6784582734107971,0.6784583926200867,0
3049.627,1.9355469,43.456154,0.6784012913703918,0.6784015893936157,0
3032.416,1.8613281,43.018852,0.6780272722244263,0.6780272722244263,0
3059.2607,1.7919922,43.65753,0.6779493689537048,0.6779494881629944,0
3036.1953,2.0234375,43.066612,0.6777064204216003,0.6777063012123108,0
3032.6133,2.7050781,42.888428,0.6775593161582947,0.6775593161582947,0
3043.4707,2.2792969,43.179123,0.6772931814193726,0.677293062210083,0
3054.1143,2.0126953,43.456963,0.6772487163543701,0.6772485971450806,0
3058.8906,2.3144531,43.502876,0.6768215894699097,0.6768215894699097,0
3055.1992,1.9101562,43.44638,0.6767118573188782,0.6767118573188782,0
3036.71,2.0439453,42.979767,0.6766096949577332,0.6766096949577332,0
3014.9248,2.6572266,42.351128,0.6764069199562073,0.6764069199562073,0
3066.9443,2.1591797,43.67326,0.6763910055160522,0.6763908863067627,0
3043.17,2.2304688,43.094284,0.6763505935668945,0.6763507127761841,0
3023.2393,2.4794922,42.565216,0.6762291193008423,0.6762291193008423,0
3052.129,2.5097656,43.242283,0.6759359836578369,0.6759359836578369,0
3060.1416,2.1279297,43.469913,0.675857424736023,0.6758573055267334,0
3054.0664,1.96875,43.329193,0.6757298111915588,0.6757298111915588,0
3043.9336,2.3320312,43.043003,0.6756904125213623,0.6756902933120728,0
3042.8174,1.7998047,42.981155,0.6747028231620789,0.6747026443481445,0
3042.543,2.3515625,42.89724,0.6744707226753235,0.6744707226753235,0
3079.29,1.9248047,43.819897,0.6744016408920288,0.6744018197059631,0
3062.7666,2.0615234,43.36351,0.6738207936286926,0.6738207936286926,0
3047.7979,2.2783203,42.973854,0.6737951636314392,0.6737954020500183,0
3061.2256,2.3427734,43.28717,0.6737160086631775,0.6737158894538879,0
3061.58,2.1953125,43.30838,0.6736753582954407,0.6736753582954407,0
3048.5332,2.5058594,42.94789,0.6736039519309998,0.6736039519309998,0
3063.3438,2.0976562,43.34935,0.6735401749610901,0.6735403537750244,0
1174.2637,7.6035156,24.648273,0.9290556907653809,0.9290556907653809,1
4058.1367,6.640625,27.693077,0.517228364944458,0.517228364944458,0
4208.951,7.2734375,27.796715,0.49582844972610474,0.49582839012145996,0
4417.246,10.966797,26.591526,0.4788140058517456,0.47881391644477844,0
5363.542,24.694336,15.650505,0.4692733883857727,0.4692734479904175,0
4314.498,5.970703,41.919037,0.4560396671295166,0.45603954792022705,0
4782.3213,12.073242,23.8166,0.44222292304039,0.44222292304039,0
5445.8604,22.483398,17.132381,0.43863633275032043,0.43863645195961,0
4454.506,0.69140625,35.61044,0.4272674024105072,0.4272674024105072,0
4467.6064,0.71191406,35.413544,0.4253919720649719,0.4253919720649719,0
4510.998,0.74609375,35.2624,0.41804173588752747,0.41804179549217224,0
4863.3105,9.28125,25.13813,0.41628095507621765,0.41628095507621765,0
4542.1064,0.4658203,35.19831,0.41262078285217285,0.41262087225914,0
4624.6475,0.10058594,34.99086,0.39857620000839233,0.39857620000839233,0
5058.883,10.96875,25.114784,0.39368075132369995,0.39368075132369995,0
4861.4854,6.1884766,29.083588,0.39013898372650146,0.39013907313346863,0
5659.086,17.703125,18.109127,0.38313373923301697,0.38313379883766174,0
4735.916,1.1660156,34.119476,0.3824676275253296,0.3824676275253296,0
4724.4062,2.3476562,37.41121,0.3734900951385498,0.37349003553390503,0
4936.0986,4.3779297,30.321098,0.36945652961730957,0.36945652961730957,0
4784.6895,10.513672,49.880333,0.3692547678947449,0.3692549169063568,0
6403.0146,26.586914,15.526985,0.35925766825675964,0.3592575490474701,0
2752.1865,3.602539,39.622517,0.800041675567627,0.800041675567627,1
3705.1318,1.6025391,47.893486,0.6915462017059326,0.6915460824966431,0
3712.3076,1.4228516,47.510166,0.6859294176101685,0.685929536819458,0
3715.291,1.2539062,47.517952,0.6852647066116333,0.6852647066116333,0
3719.125,1.3632812,47.46817,0.6840018630027771,0.6840017437934875,0
3730.372,1.8798828,47.641994,0.6836670637130737,0.6836668848991394,0
3728.129,1.1542969,47.633133,0.6835869550704956,0.6835870742797852,0
3751.4688,2.1914062,47.9683,0.682655394077301,0.682655394077301,0
3749.128,2.0791016,47.896103,0.6823239922523499,0.6823239922523499,0
3771.3154,2.0751953,48.355682,0.6821975111961365,0.682197630405426,0
3739.8691,1.734375,47.706764,0.6821399331092834,0.6821399331092834,0
3741.0283,1.3662109,47.690674,0.6814778447151184,0.6814780831336975,0
3763.5293,1.8925781,48.13716,0.6814748644828796,0.6814748644828796,0
3726.8164,1.40625,47.372665,0.6814287900924683,0.6814290285110474,0
3757.9023,1.7636719,48.011715,0.6813165545463562,0.6813163161277771,0
3742.046,1.5576172,47.682865,0.6813002228736877,0.6813002228736877,0
3725.9727,1.5820312,47.319344,0.6812032461166382,0.681203305721283,0
3760.7676,2.265625,47.98262,0.6808332204818726,0.6808332800865173,0
3743.9658,1.1259766,47.702446,0.6808266043663025,0.6808266043663025,0
3716.333,0.9951172,47.0978,0.6808072328567505,0.6808070540428162,0
3753.755,1.6220703,47.85634,0.6805374622344971,0.6805373430252075,0
3745.5322,1.4150391,47.69143,0.6805355548858643,0.6805356740951538,0
3730.5127,1.2255859,47.35344,0.6803441047668457,0.6803440451622009,0
3755.418,1.6035156,47.856323,0.6801604628562927,0.6801603436470032,0
3773.5498,1.7548828,48.22582,0.6800684928894043,0.6800683736801147,0
3714.6074,1.390625,46.93787,0.6798596382141113,0.6798596382141113,0
3734.2744,1.1923828,47.387657,0.6798505187034607,0.6798506379127502,0
3713.163,1.3681641,46.90242,0.6798198819160461,0.6798198819160461,0
3749.213,1.9277344,47.638214,0.6795786619186401,0.6795787811279297,0
3758.1982,1.3583984,47.859165,0.6794223785400391,0.6794222593307495,0
3781.6934,1.8359375,48.29312,0.6790275573730469,0.6790275573730469,0
3741.1738,1.2929688,47.44658,0.6789917945861816,0.6789917945861816,0
3754.0117,1.5234375,47.657654,0.678426206111908,0.6784260869026184,0
3750.832,1.4375,47.585716,0.6783514022827148,0.6783517003059387,0
3772.2139,1.6123047,48.02468,0.6781895756721497,0.6781896948814392,0
3777.7432,1.6748047,48.127075,0.678061842918396,0.6780617833137512,0
3754.4814,1.2607422,47.646633,0.6780564188957214,0.6780565977096558,0
3766.08,1.8398438,47.855106,0.6779946088790894,0.6779946088790894,0
3753.2988,0.7011719,47.638268,0.6779922246932983,0.6779923439025879,0
3762.1924,1.5244141,47.788116,0.6779420375823975,0.6779419183731079,0
3758.6846,1.4697266,47.6962,0.6777571439743042,0.6777570247650146,0
3777.0518,1.8056641,48.06115,0.6776413917541504,0.6776415109634399,0
3752.2227,1.0839844,47.556496,0.677570641040802,0.677570641040802,0
3768.1846,1.7509766,47.85605,0.6774740815162659,0.677474319934845,0
3755.5283,1.1689453,47.610214,0.6774223446846008,0.6774223446846008,0
3782.4521,1.6181641,48.164032,0.6773595213890076,0.677359402179718,0
3787.1309,2.09375,48.22184,0.6773087978363037,0.6773089170455933,0
3790.8848,1.9609375,48.306126,0.6772274374961853,0.6772274374961853,0
3749.9678,1.1572266,47.46534,0.6772051453590393,0.6772052049636841,0
3756.2656,1.2558594,47.594254,0.6771515607833862,0.6771516799926758,0
1462.0137,4.125,28.639519,0.933339536190033,0.9333394765853882,1
4163.343,7.4990234,29.736328,0.6492199897766113,0.6492199897766113,0
4824.9824,12.28125,43.24192,0.5942743420600891,0.5942744016647339,0
4970.7217,12.286133,43.211456,0.5731422305107117,0.5731422305107117,0
5063.544,12.182617,43.47595,0.5598348379135132,0.559834897518158,0
5331.161,14.499023,46.871468,0.5358836650848389,0.5358835458755493,0
5354.8613,14.888672,46.489487,0.5330497622489929,0.5330497622489929,0
5576.45,15.604492,25.431213,0.5272749662399292,0.5272749662399292,0
5424.3486,14.672852,48.01722,0.5245840549468994,0.5245839357376099,0
5285.213,9.296875,40.291157,0.5174268484115601,0.5174268484115601,0
5856.533,16.46875,25.639126,0.5011254549026489,0.5011254549026489,0
5471.1045,5.725586,36.84763,0.48924678564071655,0.48924678564071655,0
5854.1113,17.089844,50.12467,0.469819575548172,0.4698196351528168,0
5934.548,9.586914,28.286839,0.46538177132606506,0.46538177132606506,0
5690.875,5.7265625,36.79916,0.4618435502052307,0.4618435502052307,0
6406.167,19.479492,26.464504,0.4530934691429138,0.45309337973594666,0
5798.9824,4.0351562,35.064762,0.45074909925460815,0.45074909925460815,0
5845.1016,11.544922,43.675323,0.4437171220779419,0.4437171220779419,0
6168.455,4.78125,30.754852,0.4232804775238037,0.4232805371284485,0
6566.4053,14.536133,26.033096,0.42136844992637634,0.4213683307170868,0
7344.741,26.77246,20.83474,0.4204680323600769,0.4204678535461426,0
6294.3076,2.1552734,29.7042,0.41180655360221863,0.4118066132068634,0
6869.8555,17.126953,23.98193,0.4091605544090271,0.40916046500205994,0
7309.05,23.739258,21.34766,0.4066983759403229,0.4066983759403229,0
6074.917,10.124023,43.21541,0.4064927101135254,0.4064926505088806,0
8017.9834,33.624023,21.530521,0.3922853469848633,0.3922852575778961,0
6725.2754,10.777344,27.81186,0.38649827241897583,0.38649827241897583,0
6482.4424,1.1689453,31.35859,0.38327106833457947,0.383271187543869,0
6612.632,21.85254,59.012848,0.37647131085395813,0.37647125124931335,0
6676.091,4.598633,28.982632,0.37572330236434937,0.3757231831550598,0
6440.1436,3.9814453,36.951237,0.36540618538856506,0.3654060661792755,0
6970.4346,11.186523,27.299873,0.36446744203567505,0.3644675016403198,0
7375.0234,16.964844,23.860092,0.35960304737091064,0.35960304737091064,0
7100.84,15.261719,27.939476,0.35858872532844543,0.35858872532844543,0
6696.9785,3.2949219,32.017567,0.35694360733032227,0.35694360733032227,0
6993.3467,10.266602,28.045704,0.35589054226875305,0.35589057207107544,0
2451.662,6.611328,36.25144,0.8000977039337158,0.8000975847244263,1
3331.8496,2.421875,44.913147,0.6882814168930054,0.6882812976837158,0
3350.1348,1.8125,45.1942,0.686257004737854,0.686257004737854,0
3391.3135,1.7412109,45.746353,0.6821654438972473,0.6821654438972473,0
3355.5723,1.8046875,44.786903,0.6807237863540649,0.6807237863540649,0
3354.6318,1.6767578,44.774734,0.680718183517456,0.680718183517456,0
3384.5068,2.1708984,45.223415,0.6786361336708069,0.6786361336708069,0
3369.8525,1.5361328,44.909073,0.6783539056777954,0.6783539056777954,0
3387.4893,2.227539,45.112465,0.67683345079422,0.67683345079422,0
3406.542,1.8818359,45.479336,0.6757006049156189,0.6757006049156189,0
3372.9766,2.0039062,44.641514,0.6753385663032532,0.6753384470939636,0
3404.1445,1.4472656,45.40287,0.6751301288604736,0.6751301288604736,0
3388.0342,1.7158203,44.98397,0.6749144792556763,0.6749144792556763,0
3383.212,3.0009766,44.72358,0.6749063730239868,0.6749063730239868,0
3385.499,1.7041016,44.86329,0.6743005514144897,0.6743004322052002,0
3409.8477,1.8242188,45.42229,0.6742490530014038,0.6742491722106934,0
3395.0352,1.9707031,45.014503,0.6737738847732544,0.6737736463546753,0
3432.378,1.4951172,45.91998,0.6737580895423889,0.6737580895423889,0
3394.9941,2.4472656,44.93274,0.6734668612480164,0.673466682434082,0
3397.1973,1.90625,45.01615,0.6732138991355896,0.6732137799263,0
3399.539,2.4550781,44.992733,0.6729914546012878,0.6729914546012878,0
3407.6035,2.5449219,45.150944,0.6727616190910339,0.6727616190910339,0
3394.1504,2.3164062,44.8263,0.6724635362625122,0.6724634170532227,0
3412.1904,2.2216797,45.23342,0.6721258163452148,0.6721256971359253,0
3410.545,1.953125,45.21879,0.6721031069755554,0.6721029877662659,0
3434.9092,1.4716797,45.805595,0.6718875169754028,0.6718875169754028,0
3407.711,2.1035156,45.107048,0.6718000173568726,0.671799898147583,0
3413.958,1.8896484,45.27477,0.6717922687530518,0.6717922687530518,0
3391.21,1.8701172,44.731544,0.6717882752418518,0.6717882752418518,0
3415.7324,2.1328125,45.28653,0.6717202067375183,0.6717200875282288,0
3424.5518,1.4248047,45.542267,0.6716110706329346,0.6716110706329346,0
3408.287,1.8457031,45.124454,0.6715928316116333,0.6715927124023438,0
3426.1953,1.71875,45.54482,0.6714625358581543,0.6714625358581543,0
3415.7559,1.96875,45.25898,0.6712713241577148,0.6712713241577148,0
3412.0234,1.5332031,45.178284,0.6709847450256348,0.6709845066070557,0
3420.836,1.953125,45.33134,0.670768141746521,0.670768141746521,0
3402.8008,2.0625,44.887566,0.6707466244697571,0.6707466244697571,0
3414.2158,1.6162109,45.183685,0.6705750226974487,0.6705750226974487,0
3425.6904,1.8955078,45.417686,0.6704244017601013,0.6704242825508118,0
3397.4902,1.6132812,44.762848,0.6703944206237793,0.6703945398330688,0
3433.2793,1.625,45.613018,0.6703702807426453,0.6703701615333557,0
3433.6904,2.084961,45.578003,0.6703211665153503,0.6703210473060608,0
3439.6484,2.2011719,45.70424,0.6703081727027893,0.6703081727027893,0
3440.3457,1.7539062,45.76143,0.6703066229820251,0.6703066229820251,0
3411.8662,1.8681641,45.072006,0.6702288389205933,0.6702288389205933,0
3408.374,2.3759766,44.933594,0.6702044606208801,0.6702044606208801,0
3411.9316,1.8535156,45.05852,0.6700656414031982,0.6700655221939087,0
3428.4766,2.1855469,45.40982,0.6699551343917847,0.6699550151824951,0
3426.6172,1.3789062,45.42952,0.6699108481407166,0.669910728931427,0
3415.6367,1.7519531,45.123432,0.6697382926940918,0.6697380542755127,0
2166.377,4.2753906,35.726124,0.9300621151924133,0.9300621151924133,1
7637.8125,6.6875,37.102524,0.4901406168937683,0.490140438079834,0
8610.426,28.371094,44.71044,0.45678892731666565,0.4567888379096985,0
9899.484,41.533203,56.40524,0.4040580093860626,0.40405789017677307,0
9952.258,40.578125,54.87083,0.390092134475708,0.39009204506874084,0
10203.312,43.1084,57.729996,0.3824591338634491,0.3824591338634491,0
9204.075,19.00293,42.95195,0.3659237027168274,0.3659237027168274,0
10628.103,46.499023,61.333973,0.3646778166294098,0.3646778166294098,0
10331.864,41.916992,54.416958,0.35998666286468506,0.3599867522716522,0
9688.039,17.31836,33.681656,0.35861778259277344,0.35861778259277344,0
10724.358,46.987305,62.206512,0.3574380874633789,0.35743799805641174,0
9223.065,13.969727,41.21397,0.3559534549713135,0.35595354437828064,0
10382.179,41.713867,54.647354,0.3518139123916626,0.3518138527870178,0
